rule_id,category_id,short_label,npaop_code,role,vector_name,profiteh_name,bezpeka_name,bezpeka_code
1,op_npaop,Правилами будови і безпечної експлуатації аміачних холодильних установок,,посадовці,,,"Навчання посадових осіб та спеціалістів за ""Правилами будови і безпечної експлуатації аміачних холодильних установок"" (НПАОП 29.23_1.04-90)",1030
2,op_npaop,"Правилами обстежень, оцінки технічного стану будівель",,посадовці,,,"Навчання посадових осіб та спеціалістів за ""Правилами обстежень, оцінки технічного стану та паспортизації виробничих будівель і споруд""  та ""Положення про безпечну та надійну експлуатацію виробничих будівель і споруд""",1041
3,op_npaop,ДБН Газопостачання (ДБН В.2.5-20:2018),,,ДБН Газопостачання (ДБН В.2.5-20:2018),ДБН Газопостачання (ДБН В.2.5-20:2018),,
4,op_npaop,"Стаціонарних, контейнерних пересувних автозаправних станцій",,,"Правила технічної експлуатації і охорони праці на стаціонарних, контейнерних пересувних автозаправних станцій","Правила технічної експлуатації і охорони праці на стаціонарних, контейнерних пересувних автозаправних станцій",,
5,op_npaop,"Користування тепловою енергією, Правила підготовки теплових го...",,,"Правила користування тепловою енергією, Правила підготовки теплових господарств до опалювального періоду, Правила технічної експлуатації теплових установок і мереж","Правила користування тепловою енергією, Правила підготовки теплових господарств до опалювального періоду, Правила технічної експлуатації теплових установок і мереж",,
6,op_npaop,Експлуатація нафтобаз,,,Правила технічної експлуатації та охорони праці на нафтобазах,Правила технічної експлуатації та охорони праці на нафтобазах,,
7,op_npaop,Теплові установки та мережі,,,,,"Навчання персоналу за ""Правилами технічної експлуатації теплових установок і мереж"" (наказ Мінпаливенерго від 14.02.2007 № 71) та ""Правилами підготовки теплових господарств до опалювального періоду"" (наказ Мінпаливенерго України, Мінжитлокомунгосп від 10.12.2008 № 620/378)",1006
8,op_npaop,Експлуатують та обслуговують газонаповнювальні станції,,працівники,,,"Спеціальне навчання робітників, які експлуатують та обслуговують газонаповнювальні станції, газонаповнювальні пункти, проміжні склади балонів, автомобільні газозаправні станції і пункти, за ""Правилами безпеки систем газопостачання"" (НПАОП 0.00_1.76-15)",2013
9,op_npaop,Експлуатують та обслуговують холодильні установки,,працівники,,,"Спеціальне навчання робітників, які експлуатують та обслуговують холодильні установки, за ""Правилами будови і безпечної експлуатації фреонових холодильних установок"" (НПАОП 0.00_1.51_88)",2044
10,op_npaop,Експлуатують та обслуговують холодильні установки,,працівники,,,"Спеціальне навчання робітників, які експлуатують та обслуговують холодильні установки, за ""Правилами будови і безпечної експлуатації аміачних холодильних установок"" (НПАОП 29.23_1.04_90)",2061
11,op_npaop,Ліфти,0.00-1.02-08,посадовці,Правила будови і безпечної експлуатації ліфтів,Правила будови і безпечної експлуатації ліфтів,"Навчання посадових осіб та спеціалістів за ""Правилами будови і безпечної експлуатації ліфтів"" (НПАОП 0.00-1.02-08)",1036
12,op_npaop,Ліфти,0.00-1.02-08,працівники,Правила будови і безпечної експлуатації ліфтів,Правила будови і безпечної експлуатації ліфтів,"Спеціальне навчання робітників, які експлуатують та обслуговують ліфти, за ""Правилами будови і безпечної експлуатації ліфтів"" (НПАОП 0.00-1.02-08)",2026
13,op_npaop,Вибору та застосування засобів індивідуального захисту органів...,0.00-1.04-07,посадовці,Правила вибору та застосування засобів індивідуального захисту органів дихання,Правила вибору та застосування засобів індивідуального захисту органів дихання,"Навчання посадових осіб та спеціалістів за ""Правилами вибору та застосування засобів індивідуального захисту органів дихання"" (НПАОП 0.00-1.04-07)",1059
14,op_npaop,Будови і безпечної есплуатації ескалаторів,0.00-1.06-77,посадовці,Правила будови і безпечної есплуатації ескалаторів,Правила будови і безпечної есплуатації ескалаторів,"Навчання посадових осіб і спеціалістів за ""Правилами будови і безпечної експлуатації ескалаторів""  (НПАОП 0.00-1.06-77)",1029
15,op_npaop,Будови і безпечної есплуатації ескалаторів,0.00-1.06-77,працівники,Правила будови і безпечної есплуатації ескалаторів,Правила будови і безпечної есплуатації ескалаторів,"Спеціальне навчання робітників, які експлуатують, обслуговують та ремонтують ескалатори за ""Правилами будови і безпечної експлуатації ескалаторів""  (НПАОП 0.00-1.06-77)",2038
16,op_npaop,Правилами безпеки праці під час виконання вишукувальних руслов...,0.00-1.10-07,посадовці,,,"Навчання посадових осіб та спеціалістів за ""Правилами безпеки праці під час виконання вишукувальних руслових робіт"" (НПАОП 0.00-1.10-07).",1085
17,op_npaop,За,0.00-1.10-07,працівники,,,"Спеціальне навчання робітників за ""Правилами безпеки праці під час виконання вишукувальних руслових робіт"" (НПАОП 0.00-1.10-07).",2085
18,op_npaop,Виконання робіт на висоті,0.00-1.15-07,посадовці,Правила охорони праці під час виконання робіт на висоті,Правила охорони праці під час виконання робіт на висоті,"Навчання посадових осіб та спеціалістів за ""Правилами охорони праці під час виконання робіт на висоті"" (НПАОП 0.00-1.15-07)",1032
19,op_npaop,Виконання робіт на висоті,0.00-1.15-07,працівники,Правила охорони праці під час виконання робіт на висоті,Правила охорони праці під час виконання робіт на висоті,"Спеціальне навчання працівників, які виконують роботи з підйомних, підвісних  колисок  та  риштувань  на висоті за ""Правилами охорони праці під час виконання робіт на висоті"" (НПАОП 0.00-1.15-07)",2075
20,op_npaop,Виконання робіт на висоті,0.00-1.15-07,працівники,Правила охорони праці під час виконання робіт на висоті,Правила охорони праці під час виконання робіт на висоті,"Спеціальне навчання робітників, які виконують роботи на висоті, за ""Правилами охорони праці під час виконання робіт на висоті"" (НПАОП 0.00-1.15-07)",2027
21,op_npaop,Нафтохімічних підприємств,0.00-1.19-08,,Правила охорони праці для нафтохімічних підприємств,Правила охорони праці для нафтохімічних підприємств,,
22,op_npaop,Правилами безпеки під час експлуатації магістральних нафтопров...,0.00-1.21-07,посадовці,,,"Навчання посадових осіб і спеціалістів за ""Правилами безпеки під час експлуатації магістральних нафтопроводів"" (НПАОП 0.00-1.21-07)",1088
23,op_npaop,"Що виконують роботи, які пов'язані з монтажем, експлуатацією т...",0.00-1.21-07,працівники,,,"Спеціальне навчання робітників, що виконують роботи, які пов'язані з монтажем,  експлуатацією та ремонтом магістральних нафтопроводів і нафтопродуктопроводів за ""Правилами безпеки під час експлуатації магістральних нафтопроводів"" (НПАОП 0.00-1.21-07)",2088
24,op_npaop,"Правилами охорони праці при виробництві, зберіганні, транспорт...",0.00-1.23-10,посадовці,,,"Навчання посадових осіб та спеціалістів за ""Правилами охорони праці при виробництві, зберіганні, транспортуванні та застосуванні хлору""(НПАОП 0.00-1.23-10)",1020
25,op_npaop,За,0.00-1.23-10,працівники,,,"Спеціальне навчання робітників за ""Правилами охорони праці при виробництві, зберіганні, транспортуванні та застосуванні хлору"" (НПАОП 0.00-1.23-10)",2049
26,op_npaop,Розробки родовищ корисних копалин відкритим способом,0.00-1.24-10,,Правила охорони праці під час розробки родовищ корисних копалин відкритим способом,Правила охорони праці під час розробки родовищ корисних копалин відкритим способом,,
27,op_npaop,Правилами улаштування та експлуатації загальнопромислових вогн...,0.00-1.25-10,посадовці,,,"Навчання посадових осіб та спеціалістів за ""Правилами улаштування та експлуатації загальнопромислових вогнеперепинувачів""(НПАОП 0.00-1.25-10)",1050
28,op_npaop,Експлуатації систем вентиляції у хімічних виробництвах,0.00-1.27-09,посадовці,Правила з безпечної експлуатації систем вентиляції у хімічних виробництвах,Правила з безпечної експлуатації систем вентиляції у хімічних виробництвах,"Навчання посадових осіб та спеціалістів за ""Правилами з безпечної експлуатації систем вентиляції у хімічних виробництвах""  (НПАОП 0.00-1.27-09)",1015
29,op_npaop,Експлуатації систем вентиляції у хімічних виробництвах,0.00-1.27-09,працівники,Правила з безпечної експлуатації систем вентиляції у хімічних виробництвах,Правила з безпечної експлуатації систем вентиляції у хімічних виробництвах,"Спеціальне навчання робітників за ""Правилами з безпечної експлуатації систем вентиляції у хімічних виробництвах"" (НПАОП 0.00-1.27-09)",2054
30,op_npaop,Загальні правила вибухобезпеки для вибухопожежонебезпечних хім...,0.00-1.41-88,посадовці,"Загальні правила вибухобезпеки для вибухопожежонебезпечних хімічних, нафтохімічних і нафтопереробних виробництв","Загальні правила вибухобезпеки для вибухопожежонебезпечних хімічних, нафтохімічних і нафтопереробних виробництв","Навчання посадових осіб та спеціалістів за  ""Загальними правилами вибухобезпеки для вибухопожежонебезпечних хімічних, нафтохімічних і нафтопереробних виробництв"" (НПАОП 0.00-1.41-88), ""Правилами технічної експлуатації та охорони праці на стаціонарних, контейнерних і пересувних автозаправних станціях"" та ""Правилами роздрібної торгівлі нафтопродуктами""",1014
31,op_npaop,Загальні правила вибухобезпеки для вибухопожежонебезпечних хім...,0.00-1.41-88,посадовці,"Загальні правила вибухобезпеки для вибухопожежонебезпечних хімічних, нафтохімічних і нафтопереробних виробництв","Загальні правила вибухобезпеки для вибухопожежонебезпечних хімічних, нафтохімічних і нафтопереробних виробництв","Навчання посадових осіб та спеціалістів за ""Загальними правилами вибухобезпеки для вибухопожежонебезпечних хімічних, нафтохімічних і нафтопереробних виробництв"" (НПАОП 0.00-1.41-88)",1039
32,op_npaop,Загальні правила вибухобезпеки для вибухопожежонебезпечних хім...,0.00-1.41-88,працівники,"Загальні правила вибухобезпеки для вибухопожежонебезпечних хімічних, нафтохімічних і нафтопереробних виробництв","Загальні правила вибухобезпеки для вибухопожежонебезпечних хімічних, нафтохімічних і нафтопереробних виробництв","Спеціальне навчання робітників, які виконують роботи з надзвичайно займистими, легкозаймистими, займистими та вибухонебезпечними речовинами, за ""Загальними правилами вибухобезпеки для вибухопожежонебезпечних хімічних, нафтохімічних і нафтопереробних виробництв"" (НПАОП 0.00-1.41-88)",2040
33,op_npaop,Загальні правила вибухобезпеки для вибухопожежонебезпечних хім...,0.00-1.41-88,працівники,"Загальні правила вибухобезпеки для вибухопожежонебезпечних хімічних, нафтохімічних і нафтопереробних виробництв","Загальні правила вибухобезпеки для вибухопожежонебезпечних хімічних, нафтохімічних і нафтопереробних виробництв","Спеціальне навчання робітників, які експлуатують стаціонарні, контейнерні та пересувні автозаправні станції при заправленні автотранспортних засобів нафтопродуктами за ""Загальними правилами вибухобезпеки для вибухопожежонебезпечних хімічних, нафтохімічних і нафтопереробних виробництв"" (НПАОП 0.00-1.41-88), ""Правилами технічної експлуатації та охорони праці на стаціонарних, контейнерних і пересувних автозаправних станціях"" та ""Правилами роздрібної торгівлі нафтопродуктами""",2018
34,op_npaop,"Правилами безпеки при зберіганні, перевезенні та використанні ...",0.00-1.45-69,посадовці,,,"Навчання посадових осіб та спеціалістів за"" Правилами  безпеки при  зберіганні, перевезенні та використанні сильнодіючих отруйних речовин"" (НПАОП 0.00-1.45-69)",1058
35,op_npaop,"Виконують роботи по виробництву, зберіганню, використанню, тра...",0.00-1.45-69,працівники,,,"Спеціальне навчання робітників, які виконують роботи по виробництву, зберіганню, використанню, транспортуванню, утилізації та знешкодженню  речовин, які відносяться до I та II класів небезпеки за""Правилами  безпеки при зберіганні, перевезенні та використанні сильнодіючих отруйних речовин""(НПАОП 0.00-1.45-69)",2067
36,op_npaop,Зберіганні перевезенні та застосуванні сильнодіючих отруйних р...,0.00-1.46-70,,Правила безпеки при зберіганні перевезенні та застосуванні сильнодіючих отруйних речовин,Правила безпеки при зберіганні перевезенні та застосуванні сильнодіючих отруйних речовин,,
37,op_npaop,Фреонових холодильних установок,0.00-1.51-88,посадовці,Правила будови і безпечної експлуатації фреонових холодильних установок,Правила будови і безпечної експлуатації фреонових холодильних установок,"Навчання посадових осіб та спеціалістів за ""Правилами будови і безпечної експлуатації фреонових холодильних установок"" (НПАОП 0.00-1.51-88) .",1037
38,op_npaop,"Правилами безпеки при експлуатації каналів, трубопроводів, інш...",0.00-1.57-12,посадовці,,,"Навчання посадових осіб та спеціалістів за ""Правилами безпеки при експлуатації каналів, трубопроводів, інших гідротехнічних споруд у водогосподарських системах"" (НПАОП 0.00-1.57-12)",1095
39,op_npaop,Правилами охорони праці під час експлуатації електроустаткуван...,0.00-1.58-12,посадовці,,,"Навчання посадових осіб і спеціалістів за ""Правилами охорони праці під час експлуатації електроустаткування та електромереж на відкритих гірничих роботах"" (НПАОП 0.00-1.58-12)",1031
40,op_npaop,Автомобільному транспорті,0.00-1.62-12,посадовці,Правила охорони праці на автомобільному транспорті,Правила охорони праці на автомобільному транспорті,"Навчання посадових осіб та спеціалістів за ""Правилами охорони праці на автомобільному транспорті"" (НПАОП 0.00-1.62-12)",1048
41,op_npaop,Автомобільному транспорті,0.00-1.62-12,працівники,Правила охорони праці на автомобільному транспорті,Правила охорони праці на автомобільному транспорті,"Спеціальне навчання робітників, які здійснюють роботи на автомобільному транспорті, за ""Правилами охорони праці на автомобільному транспорті"" (НПАОП 0.00-1.62-12)",2060
42,op_npaop,Автомобільному транспорті,0.00-1.62-12,працівники,Правила охорони праці на автомобільному транспорті,Правила охорони праці на автомобільному транспорті,"Спеціальне навчання робітників – водіїв автотранспортних засобів, які експлуатують автомобілі, що працюють на газовому паливі, за ""Правилами охорони праці на автомобільному транспорті"" (НПАОП 0.00-1.62-12)",2020
43,op_npaop,Виробництві та споживанні продуктів розділення повітря,0.00-1.65-88,посадовці,Правила безпеки при виробництві та споживанні продуктів розділення повітря,Правила безпеки при виробництві та споживанні продуктів розділення повітря,"Навчання посадових осіб та спеціалістів за ""Правилами безпеки при вироб-ництві та споживанні продуктів розділення повітря"" (НПАОП 0.00-1.65-88)",1022
44,op_npaop,Виробництві та споживанні продуктів розділення повітря,0.00-1.65-88,працівники,Правила безпеки при виробництві та споживанні продуктів розділення повітря,Правила безпеки при виробництві та споживанні продуктів розділення повітря,"Спеціальне навчання робітників, які здійснюють зберігання і застосування продуктів розділення повітря, за ""Правилами безпеки при виробництві та споживанні продуктів розділення повітря"" (НПАОП 0.00-1.65-88)",2022
45,op_npaop,Холодного оброблення металів,0.00-1.68-13,посадовці,Правила охорони праці під час холодного оброблення металів,Правила охорони праці під час холодного оброблення металів,"Навчання посадових осіб та спеціалістів за  ""Правилами охорони праці під час холодного оброблення металів"" (НПАОП 0.00-1.68-13)",1012
46,op_npaop,Холодного оброблення металів,0.00-1.68-13,працівники,Правила охорони праці під час холодного оброблення металів,Правила охорони праці під час холодного оброблення металів,"Спеціальне навчання робітників, які виконують механічну  обробку металів та виробів, за ""Правилами охорони праці під час холодного оброблення металів"" (НПАОП 0.00-1.68-13)",2058
47,op_npaop,"Експл. тепломеханічного обладнання електростанцій, теплових ме...",0.00-1.69-13,посадовці,"Експлуатація тепломеханічного обладнання електростанцій, теплових мереж і тепловикористовувальних установок","Експлуатація тепломеханічного обладнання електростанцій, теплових мереж і тепловикористовувальних установок","Навчання посадових осіб та спеціалістів за  ""Правилами охорони праці під час експлуатації тепломеханічного обладнання електростанцій, теплових мереж і тепловикористовувальних установок""   (НПАОП 0.00-1.69-13)",1080
48,op_npaop,"Експл. тепломеханічного обладнання електростанцій, теплових ме...",0.00-1.69-13,працівники,"Експлуатація тепломеханічного обладнання електростанцій, теплових мереж і тепловикористовувальних установок","Експлуатація тепломеханічного обладнання електростанцій, теплових мереж і тепловикористовувальних установок","Спеціальне навчання робітників за ""Правилами охорони праці під час експлуатації тепломеханічного обладнання електростанцій, теплових мереж і тепловикористовувальних установок"" (НПАОП 0.00-1.69-13)",2080
49,op_npaop,Роботи з інструментом та пристроями,0.00-1.71-13,посадовці,Правила охорони праці під час роботи з інструментом та пристроями,Правила охорони праці під час роботи з інструментом та пристроями,"Навчання посадових осіб та спеціалістів за ""Правилами охорони праці під час роботи з інструментом та пристроями"" (НПАОП 0.00-1.71-13)",1005
50,op_npaop,Роботи з інструментом та пристроями,0.00-1.71-13,посадовці,Правила охорони праці під час роботи з інструментом та пристроями,Правила охорони праці під час роботи з інструментом та пристроями,"Навчання посадових осіб та спеціалістів відповідальних за організацію проведення газозварювальних робіт та випробування газорізальної апаратури за ""Правилами охорони праці під час роботи з інструментом та пристроями"" (НПАОП 0.00-1.71-13)",1075
51,op_npaop,Роботи з інструментом та пристроями,0.00-1.71-13,працівники,Правила охорони праці під час роботи з інструментом та пристроями,Правила охорони праці під час роботи з інструментом та пристроями,"Спеціальне навчання робітників, які виконують роботи з технічного обслуговування, ремонту та випробування газозварювальної і газорізальної апаратури  за “Правилами охорони праці при роботі з інструментами та пристроями” (НПАОП 0.00-1.71-13)",2068
52,op_npaop,Роботи з інструментом та пристроями,0.00-1.71-13,працівники,Правила охорони праці під час роботи з інструментом та пристроями,Правила охорони праці під час роботи з інструментом та пристроями,"Спеціальне навчання робітників, які виконують роботи  із застосуванням інструменту та пристроїв за ""Правилами охорони праці під час роботи з інструментом та пристроями"" (НПАОП 0.00-1.71-13)",2004
53,op_npaop,Роботи з інструментом та пристроями,0.00-1.71-13,працівники,Правила охорони праці під час роботи з інструментом та пристроями,Правила охорони праці під час роботи з інструментом та пристроями,"Спеціальне навчання робітників, які виконують роботи на верстатах по обробці металів та деревини, за ""Правилами охорони праці під час роботи з інструментом та пристроями"" (НПАОП 0.00-1.71-13)",2007
54,op_npaop,Експлуатації великовантажних автомобілів та інших технологічни...,0.00-1.72-14,,Правила з охорони праці під час експлуатації великовантажних автомобілів та інших технологічних транспортних засобів під час розробки рудних і нерудних копалин відкритим способом,Правила з охорони праці під час експлуатації великовантажних автомобілів та інших технологічних транспортних засобів під час розробки рудних і нерудних копалин відкритим способом,,
55,op_npaop,Безпечної експлуатації технологічних трубопроводів,0.00-1.73-14,посадовці,Правила охорони праці та безпечної експлуатації технологічних трубопроводів,Правила охорони праці та безпечної експлуатації технологічних трубопроводів,"Навчання посадових осіб та спеціалістів за ""Правилами охорони праці та безпечної експлуатації технологічних трубопроводів"" (НПАОП 0.00-1.73-14)",1063
56,op_npaop,"За ""Правилами охорони праці та безпечної експлуатації технолог...",0.00-1.73-2014,працівники,,,"Спеціальне навчання робітників, за ""Правилами охорони праці та безпечної експлуатації технологічних трубопроводів (НПАОП 0.00-1.73-2014)",2064
57,op_npaop,"Експлуатують та переміщують насосні, землесосні установки, дра...",0.00-1.74-15,працівники,,,"Спеціальне навчання працівників, які експлуатують та переміщують насосні, землесосні установки, драги та земснаряди за ""Правилами охорони праці під час експлуатації хвостових і шламових господарств гірничорудних і нерудних підприємств"" (НПАОП 0.00-1.74-15)",2043
58,op_npaop,Вантажно-розвантажувальних робіт,0.00-1.75-15,посадовці,Правила охорони праці під час вантажно-розвантажувальних робіт,Правила охорони праці під час вантажно-розвантажувальних робіт,"Навчання посадових осіб та спеціалістів за ""Правилами охорони праці під час вантажно-розвантажувальних робіт""(НПАОП 0.00-1.75-15)",1066
59,op_npaop,Вантажно-розвантажувальних робіт,0.00-1.75-15,працівники,Правила охорони праці під час вантажно-розвантажувальних робіт,Правила охорони праці під час вантажно-розвантажувальних робіт,"Спеціальне навчання робітників за ""Правилами охорони праці під час вантажно-розвантажувальних робіт"" (НПАОП 0.00-1.75-15)",2070
60,op_npaop,Газопостачання,0.00-1.76-15,посадовці,Правила безпеки систем газопостачання,Правила безпеки систем газопостачання,"Навчання посадових осіб та спеціалістів за ""Правилами безпеки систем газопостачання"" (НПАОП 0.00-1.76-15) та ""Газопостачання"" (ДБН В.2.5_20:2018)",1007
61,op_npaop,Газопостачання,0.00-1.76-15,працівники,Правила безпеки систем газопостачання,Правила безпеки систем газопостачання,"Спеціальне навчання робітників, які виконують газонебезпечні та аварійні роботи при технічному обслуговуванні газовикористовуючого обладнання, за ""Правилами безпеки систем газопостачання"" (НПАОП 0.00-1.76-15)",2009
62,op_npaop,Газопостачання,0.00-1.76-15,працівники,Правила безпеки систем газопостачання,Правила безпеки систем газопостачання,"Спеціальне навчання робітників, які експлуатують та обслуговують газорегуляторні пункти, газорегуляторні установки та комбіновані домові регулятори тиску, за ""Правилами безпеки систем газопостачання "" (НПАОП 0.00-1.76-15)",2010
63,op_npaop,Газопостачання,0.00-1.76-15,працівники,Правила безпеки систем газопостачання,Правила безпеки систем газопостачання,"Спеціальне навчання робітників, які експлуатують внутрішні газопроводи та газове обладнання житлових і громадських будинків, за ""Правилами безпеки систем газопостачання "" (НПАОП 0.00-1.76-15)",2011
64,op_npaop,Газопостачання,0.00-1.76-15,працівники,Правила безпеки систем газопостачання,Правила безпеки систем газопостачання,"Спеціальне навчання робітників, які експлуатують газопроводи і газове обладнання для газополум'яної обробки металів, за ""Правилами безпеки систем газопостачання "" (НПАОП 0.00-1.76-15)",2012
65,op_npaop,Газопостачання,0.00-1.76-15,працівники,Правила безпеки систем газопостачання,Правила безпеки систем газопостачання,"Спеціальне навчання робітників, які експлуатують резервуарні, геотермальні, випарні, змішувальні, групові та індивідуальні балонні установки, за ""Правилами безпеки систем газопостачання"" (НПАОП 0.00-1.76-15)",2046
66,op_npaop,Газопостачання,0.00-1.76-15,працівники,Правила безпеки систем газопостачання,Правила безпеки систем газопостачання,"Спеціальне навчання робітників, які експлуатують газопроводи та газовикористовувальні    установки промислових і сільськогосподарських підприємств, котелень, підприємств комунально-побутового обслуговування виробничого характеру, за ""Правилами безпеки систем газопостачання"" (НПАОП 0.00-1.76-15)",2047
67,op_npaop,Газопостачання,0.00-1.76-15,працівники,Правила безпеки систем газопостачання,Правила безпеки систем газопостачання,"Спеціальне навчання робітників, які обслуговують димові та вентиляційні канали житлових і громадських будівель, що використовують газове паливо, за ""Правилами безпеки систем газопостачання"" (НПАОП 0.00-1.76-15)",2016
68,op_npaop,Газопостачання,0.00-1.76-15,працівники,Правила безпеки систем газопостачання,Правила безпеки систем газопостачання,"Спеціальне навчання робітників, які експлуатують газові горілки, що працюють на зрідженому газі (індивідуальні балонні установки), за ""Правилами безпеки систем газопостачання "" (НПАОП 0.00-1.76-15)",2024
69,op_npaop,Газопостачання,0.00-1.76-15,працівники,Правила безпеки систем газопостачання,Правила безпеки систем газопостачання,"Спеціальне навчання робітників, які виконують газонебезпечні та аварійні роботи при монтажі, демонтажі, налагодженні, ремонті, технічному обслуговуванні, реконструкції лінійних частин та газовикористовуючого обладнання за ""Правилами безпеки систем газопостачання""(НПАОП0.00-1.76-15), ""Газопостачання""(ДБН В.2.5_20:2018)",2063
70,op_npaop,"Експлуатації вантажопідіймальних кранів, підіймальних пристрої...",0.00-1.80-18,посадовці,"Правила охорони праці під час експлуатації вантажопідіймальних кранів, підіймальних пристроїв і відповідного обладнання","Правила охорони праці під час експлуатації вантажопідіймальних кранів, підіймальних пристроїв і відповідного обладнання","навчання посадових осіб та спеціалістів, обов'язки яких пов’язані з керівництвом і контролем  виконання робіт, утриманням в справному технічному стані і безпечною експлуатацією  вантажопідіймальних кранів, машин та їх обладнання  за ""Правилами охорони праці під час експлуатації вантажопідіймальних кранів, підіймальних пристроїв і відповідного обладнання"" (НПАОП 0.00-1.80-18)",1033
71,op_npaop,"Експлуатації вантажопідіймальних кранів, підіймальних пристрої...",0.00-1.80-18,посадовці,"Правила охорони праці під час експлуатації вантажопідіймальних кранів, підіймальних пристроїв і відповідного обладнання","Правила охорони праці під час експлуатації вантажопідіймальних кранів, підіймальних пристроїв і відповідного обладнання","Навчання посадових осіб та спеціалістів, обов'язки яких пов’язані з керівництвом та контролем  виконання робіт, утриманням в справному технічному стані, безпечною експлуатацію  підйомників  та їх обладнання   за ""Правилами охорони праці під час експлуатації вантажопідіймальних кранів, підіймальних пристроїв і відповідного обладнання"" (НПАОП 0.00-1.80-18)",1034
72,op_npaop,"Експлуатації вантажопідіймальних кранів, підіймальних пристрої...",0.00-1.80-18,працівники,"Правила охорони праці під час експлуатації вантажопідіймальних кранів, підіймальних пристроїв і відповідного обладнання","Правила охорони праці під час експлуатації вантажопідіймальних кранів, підіймальних пристроїв і відповідного обладнання","Спеціальне навчання робітників, які виконують ремонт і технічне обслуговування  підйомників та їх обладнання за ""Правилами охорони праці під час експлуатації вантажопідіймальних кранів, підіймальних пристроїв і відповідного обладнання"" (НПАОП 0.00-1.80-18)",2028
73,op_npaop,"Експлуатації вантажопідіймальних кранів, підіймальних пристрої...",0.00-1.80-18,працівники,"Правила охорони праці під час експлуатації вантажопідіймальних кранів, підіймальних пристроїв і відповідного обладнання","Правила охорони праці під час експлуатації вантажопідіймальних кранів, підіймальних пристроїв і відповідного обладнання","Спеціальне навчання робітників, які керують підйомниками та  виконують роботи з робочої платформи  за  ""Правилами охорони праці під час експлуатації вантажопідіймальних кранів, підіймальних пристроїв і відповідного обладнання"" (НПАОП 0.00-1.80-18)",2029
74,op_npaop,"Експлуатації вантажопідіймальних кранів, підіймальних пристрої...",0.00-1.80-18,працівники,"Правила охорони праці під час експлуатації вантажопідіймальних кранів, підіймальних пристроїв і відповідного обладнання","Правила охорони праці під час експлуатації вантажопідіймальних кранів, підіймальних пристроїв і відповідного обладнання","Спеціальне навчання робітників, які експлуатують, монтують, налагоджують, ремонтують, демонтують та проводять технічне обслуговування вантажопідіймальних кранів, машин та їх обладнання за  ""Правилами охорони праці під час експлуатації вантажопідіймальних кранів, підіймальних пристроїв і відповідного обладнання""(НПАОП 0.00-1.80-18)",2030
75,op_npaop,"Експлуатації вантажопідіймальних кранів, підіймальних пристрої...",0.00-1.80-18,працівники,"Правила охорони праці під час експлуатації вантажопідіймальних кранів, підіймальних пристроїв і відповідного обладнання","Правила охорони праці під час експлуатації вантажопідіймальних кранів, підіймальних пристроїв і відповідного обладнання","Спеціальне навчання робітників, які керують вантажопідіймальними кранами та машинами, стропують  та зачіплюють вантажі за ""Правилами охорони праці під час експлуатації вантажопідіймальних кранів, підіймальних пристроїв і відповідного обладнання"" (НПАОП 0.00-1.80-18)",2031
76,op_npaop,"Експлуатації обладнання, що працює під тиском",0.00-1.81-18,посадовці,"Правила охорони праці під час експлуатації обладнання, що працює під тиском","Правила охорони праці під час експлуатації обладнання, що працює під тиском","Навчання посадових осіб та спеціалістів, обов’язки яких пов’язані з утриманням в  справному  стані, безпечною  експлуатацією, монтажем, демонтажем, налагодженням, технічним обслуговуванням, ремонтом, технічним оглядом, модифікацією опалювальних, парових, водогрійних котлів та бойлерів за ""Правилами охорони праці під час експлуатації обладнання, що працює під тиском"" (НПАОП 0.00-1.81-18)",1017
77,op_npaop,"Експлуатації обладнання, що працює під тиском",0.00-1.81-18,посадовці,"Правила охорони праці під час експлуатації обладнання, що працює під тиском","Правила охорони праці під час експлуатації обладнання, що працює під тиском","Навчання посадових осіб та спеціалістів, обов’язки яких пов’язані з утриманням в  справному  стані, безпечною  експлуатацією, монтажем, демонтажем, налагодженням, технічним обслуговуванням, ремонтом, технічним оглядом, модифікацією посудин, що працюють під тиском за ""Правилами охорони праці під час експлуатації обладнання, що працює під тиском"" (НПАОП 0.00-1.81-18)",1019
78,op_npaop,"Експлуатації обладнання, що працює під тиском",0.00-1.81-18,посадовці,"Правила охорони праці під час експлуатації обладнання, що працює під тиском","Правила охорони праці під час експлуатації обладнання, що працює під тиском","Навчання посадових осіб та спеціалістів, обов’язки яких пов’язані з утриманням в  справному  стані, безпечною  експлуатацією, монтажем, демонтажем, налагодженням, технічним обслуговуванням, ремонтом, технічним оглядом, модифікацією трубопроводів пари та гарячої води за ""Правилами охорони праці під час експлуатації обладнання, що працює під тиском"" (НПАОП 0.00-1.81-18)",1021
79,op_npaop,"Експлуатації обладнання, що працює під тиском",0.00-1.81-18,працівники,"Правила охорони праці під час експлуатації обладнання, що працює під тиском","Правила охорони праці під час експлуатації обладнання, що працює під тиском","Спеціальне навчання робітників, які обслуговують та ремонтують опалювальні, парові, водогрійні котли та бойлери за ""Правилами охорони праці під час експлуатації обладнання, що працює під тиском"" (НПАОП 0.00-1.81-18)",2042
80,op_npaop,"Експлуатації обладнання, що працює під тиском",0.00-1.81-18,працівники,"Правила охорони праці під час експлуатації обладнання, що працює під тиском","Правила охорони праці під час експлуатації обладнання, що працює під тиском","Спеціальне навчання робітників, які обслуговують, експлуатують та ремонтують посудини, що працюють під тиском за ""Правилами охорони праці під час експлуатації обладнання, що працює під тиском"" (НПАОП 0.00-1.81-18)",2023
81,op_npaop,"Експлуатації обладнання, що працює під тиском",0.00-1.81-18,працівники,"Правила охорони праці під час експлуатації обладнання, що працює під тиском","Правила охорони праці під час експлуатації обладнання, що працює під тиском","Спеціальне навчання робітників, які обслуговують та ремонтують трубопроводи пари та гарячої води за ""Правилами охорони праці під час експлуатації обладнання, що працює під тиском"" (НПАОП 0.00-1.81-18)",2025
82,op_npaop,"Дроблення і сортування, збагачення корисних копалин і огрудкув...",0.00-1.82-18,,"Правила охорони праці під час дроблення і сортування, збагачення корисних копалин і огрудкування руд та концентратів","Правила охорони праці під час дроблення і сортування, збагачення корисних копалин і огрудкування руд та концентратів",,
83,op_npaop,Експлуатації навантажувачів,0.00-1.83-18,посадовці,Правила охорони праці під час експлуатації навантажувачів,Правила охорони праці під час експлуатації навантажувачів,"Навчання посадових осіб та спеціалістів за ""Правилами охорони праці під час експлуатації навантажувачів"" (НПАОП 0.00-1.83-18)",1035
84,op_npaop,Експлуатації навантажувачів,0.00-1.83-18,працівники,Правила охорони праці під час експлуатації навантажувачів,Правила охорони праці під час експлуатації навантажувачів,"Спеціальне навчання робітників, які експлуатують та обслуговують навантажувачі за ""Правилами охорони праці під час експлуатації навантажувачів"" (НПАОП 0.00-1.83-18)",2032
85,op_npaop,Загальний курс ОП,0.00-4.12-05,посадовці,Загальний курс з питань охорони праці,Загальний курс з питань охорони праці,"Навчання з питань охорони праці посадових осіб і спеціалістів у відповідності до Типової програми ""Типового положення про порядок проведення навчання і перевірки знань з питань охорони праці"" (НПАОП 0.00-4.12-05)",1001
86,op_npaop,Газонебезпечних робіт,0.00-5.11-85,посадовці,Типова інструкція з організації безпечного ведення газонебезпечних робіт,Типова інструкція з організації безпечного ведення газонебезпечних робіт,"Навчання посадових осіб та спеціалістів за ""Типовою інструкцією з організації безпечного ведення газонебезпечних робіт"" (НПАОП 0.00-5.11-85).",1009
87,op_npaop,Газонебезпечних робіт,0.00-5.11-85,працівники,Типова інструкція з організації безпечного ведення газонебезпечних робіт,Типова інструкція з організації безпечного ведення газонебезпечних робіт,"Спеціальне навчання робітників, які виконують газонебезпечні роботи, за ""Типовою інструкцією з організації безпечного ведення газонебезпечних робіт""(НПАОП 0.00-5.11-85)",2053
88,op_npaop,Газонебезпечних робіт,0.00-5.11-85,працівники,Типова інструкція з організації безпечного ведення газонебезпечних робіт,Типова інструкція з організації безпечного ведення газонебезпечних робіт,"Спеціальне навчання робітників, які виконують газонебезпечні роботи всередині ємностей, а також в колодязях, траншеях, котлованах, бункерах, камерах і колекторах, за ""Типовою інструкцією з організації безпечного ведення газонебезпечних робіт"" (НПАОП 0.00-5.11-85)",2014
89,op_npaop,Інструкцією з організації безпечного ведення вогневих робіт на...,0.00-5.12-01,посадовці,,,"Навчання посадових осіб та спеціалістів за ""Інструкцією з організації безпечного ведення вогневих робіт на вибухопожежонебезпечних та вибухонебезпечних об'єктах"" (НПАОП 0.00-5.12-01)",1092
90,op_npaop,За,0.00-5.12-01,працівники,,,"Спеціальне навчання робітників  за ""Інструкцією з організації безпечного ведення вогневих робіт на вибухопожежонебезпечних та вибухонебезпечних об'єктах"" (НПАОП 0.00-5.12-01)",2050
91,op_npaop,Загальні вимоги ОП,0.00-7.11-12,посадовці,Загальні вимоги стосовно забезпечення роботодавцями охорони праці працівників,Загальні вимоги стосовно забезпечення роботодавцями охорони праці працівників,"Навчання посадових осіб та спеціалістів за Правилами ""Загальні вимоги стосовно забезпечення роботодавцями охорони праці працівників""  (НПАОП 0.00-7.11-12)",1057
92,op_npaop,Забезпечення безпечного виконання робіт у потенційно вибухонеб...,0.00-7.12-13,посадовці,Вимоги до роботодавців стосовно забезпечення безпечного виконання робіт у потенційно вибухонебезпечних середовищах,Вимоги до роботодавців стосовно забезпечення безпечного виконання робіт у потенційно вибухонебезпечних середовищах,"Навчання посадових осіб та спеціалістів за  ""Вимогами до роботодавців стосовно забезпечення безпечного виконання робіт у потенційно вибухонебезпечних середовищах"" (НПАОП 0.00-7.12-13)",1062
93,op_npaop,Забезпечення безпечного виконання робіт у потенційно вибухонеб...,0.00-7.12-13,працівники,Вимоги до роботодавців стосовно забезпечення безпечного виконання робіт у потенційно вибухонебезпечних середовищах,Вимоги до роботодавців стосовно забезпечення безпечного виконання робіт у потенційно вибухонебезпечних середовищах,"Спеціальне навчання робітників за ""Вимогами до роботодавців стосовно забезпечення безпечного виконання робіт у потенційно вибухонебезпечних середовищах""(НПАОП 0.00-7.12-13)",2090
94,op_npaop,Вимоги безпеки та захисту здоров'я під час використання виробн...,0.00-7.14-17,працівники,Вимоги безпеки та захисту здоров'я під час використання виробничого обладнання працівниками,Вимоги безпеки та захисту здоров'я під час використання виробничого обладнання працівниками,"Спеціальне навчання працівників за ""Вимогами безпеки та захисту здоров’я під час використання виробничого обладнання працівниками "" (НПАОП 0.00-7.14-17)",2076
95,op_npaop,Безпеки та захисту здоров'я працівників під час роботи з екран...,0.00-7.15-18,посадовці,Вимоги щодо безпеки та захисту здоров'я працівників під час роботи з екранними пристроям,Вимоги щодо безпеки та захисту здоров'я працівників під час роботи з екранними пристроям,навчання посадових осіб та спеціалістів за «Вимогами щодо безпеки та захисту здоров'я працівників під час роботи з екранними пристроями» (НПАОП 0.00-7.15-18),1018
96,op_npaop,Захисту працівників від шкідливого впливу хімічних речовин,0.00-8.11-12,посадовці,Вимоги до роботодавців щодо захисту працівників від шкідливого впливу хімічних речовин,Вимоги до роботодавців щодо захисту працівників від шкідливого впливу хімічних речовин,"Навчання посадових осіб та спеціалістів за ""Вимогами до роботодавців щодо захисту працівників від шкідливого впливу хімічних речовин"" (НПАОП 0.00-8.11-12)",1055
97,op_npaop,Вогневих робіт на вибухопожежонебезпечних та вибухонебезпечних...,00.0-5.12-01,,Інструкція з організації безпечного ведення вогневих робіт на вибухопожежонебезпечних та вибухонебезпечних об'єктах,Інструкція з організації безпечного ведення вогневих робіт на вибухопожежонебезпечних та вибухонебезпечних об'єктах,,
98,op_npaop,Сільськогосподарському виробництві,01.0-1.02-18,посадовці,Правила охорони праці у сільськогосподарському виробництві,Правила охорони праці у сільськогосподарському виробництві,"Навчання посадових осіб та спеціалістів за ""Правилами охорони праці у сільськогосподарському виробництві"" (НПАОП 01.0-1.02-18)",1097
99,op_npaop,Сільськогосподарському виробництві,01.0-1.02-18,посадовці,Правила охорони праці у сільськогосподарському виробництві,Правила охорони праці у сільськогосподарському виробництві,"Навчання посадових осіб, відповідальних за організацію виконання робіт, пов’язані зі зберіганням, транспортуванням, застосуванням і торгівлею агрохімікатами, пестицидами  за ""Правилами охорони праці у сільськогосподарському виробництві"" (НПАОП 01.0-1.02-18)",1040
100,op_npaop,Сільськогосподарському виробництві,01.0-1.02-18,працівники,Правила охорони праці у сільськогосподарському виробництві,Правила охорони праці у сільськогосподарському виробництві,"Спеціальне навчання робітників, які виконують роботи, пов’язані зі зберіганням, транспортуванням, застосуванням і торгівлею агрохімікатами, пестицидами за ""Правилами охорони праці у сільськогосподарському виробництві"" (НПАОП 01.0-1.02-18)",2041
101,op_npaop,Сільськогосподарському виробництві,01.0-1.02-18,працівники,Правила охорони праці у сільськогосподарському виробництві,Правила охорони праці у сільськогосподарському виробництві,"Спеціальне навчання робітників, які управляють тракторами і самохідним технологічним устаткуванням за ""Правилами охорони праці у сільськогосподарському виробництві"" (НПАОП 01.0-1.02-18)",2084
102,op_npaop,Безпечного застосування рідкого аміаку в сільському господарстві,01.41-1.08-82,,Правила безпечного застосування рідкого аміаку в сільському господарстві,Правила безпечного застосування рідкого аміаку в сільському господарстві,,
103,op_npaop,Працівників лісового господарства та лісової промисловості,02.0-1.04-05,,Правила охорони праці для працівників лісового господарства та лісової промисловості,Правила охорони праці для працівників лісового господарства та лісової промисловості,,
104,op_npaop,Правилами охорони праці під час видалення дерев і пеньків у на...,02.0-1.08-95,посадовці,,,"Навчання посадових осіб та спеціалістів за ""Правилами охорони праці під час видалення дерев і пеньків у населених пунктах України"" (НПАОП 02.0-1.08-95)",1074
105,op_npaop,"Виконують роботи з застосуванням бензопил, мотобурів, мотокос ...",02.0-1.08-95,працівники,,,"Спеціальне навчання робітників, які виконують роботи з застосуванням бензопил,  мотобурів, мотокос та деревоподрібнюючих  машин за ""Правилами охорони праці під час видалення дерев і пеньків у населених пунктах України"" (НПАОП 02.0-1.08-95)",2077
106,op_npaop,Правилами безпеки в нафтогазодобувній промисловості,11.1-1.01-23,посадовці,,,"Навчання посадових осіб та спеціалістів за ""Правилами безпеки в нафтогазодобувній промисловості  (НПАОП 11.1-1.01-23)",1086
107,op_npaop,"Зайняті на спорудженні магістральних газопроводів, нафтопровод...",11.1-1.01-23,працівники,,,"Спеціальне навчання робітників, які  зайняті  на спорудженні магістральних  газопроводів,  нафтопроводів і продуктопроводів (нафтопродуктопроводів,      аміакопроводів, етиленопроводів  тощо),   систем   газопостачання   природним  та зрідженим газом за ""Правилами безпеки в нафтогазодобувній промисловості "" (НПАОП 11.1-1.01-23)",2037
108,op_npaop,"Працівників, зайнятих на роботах зі зберігання та переробки зерна",15.0-1.01-17,посадовці,"Правила охорони праці для працівників, зайнятих на роботах зі зберігання та переробки зерна","Правила охорони праці для працівників, зайнятих на роботах зі зберігання та переробки зерна","Навчання посадових осіб та спеціалістів   за ""Правилами охорони праці для працівників, зайнятих на роботах зі зберігання та переробки зерна"" (НПАОП 15.0-1.01-17)",1071
109,op_npaop,"Працівників, зайнятих на роботах зі зберігання та переробки зерна",15.0-1.01-17,працівники,"Правила охорони праці для працівників, зайнятих на роботах зі зберігання та переробки зерна","Правила охорони праці для працівників, зайнятих на роботах зі зберігання та переробки зерна","Спеціальне навчання робітників, які виконують роботи по розвантаженню, складанню і зберіганню зернових та олійних культур насипом і в затареному вигляді  за ""Правилами охорони праці для працівників, зайнятих на роботах зі зберігання та переробки зерна"" (НПАОП 15.0-1.01-17)",2069
110,op_npaop,"Працівників, зайнятих на роботах зі зберігання та переробки зерна",15.0-1.01-17,працівники,"Правила охорони праці для працівників, зайнятих на роботах зі зберігання та переробки зерна","Правила охорони праці для працівників, зайнятих на роботах зі зберігання та переробки зерна","Спеціальне навчання робітників, які виконують роботи  щодо зберігання та переробки зерна за ""Правилами охорони праці для працівників, зайнятих на роботах зі зберігання та переробки зерна"" (НПАОП 15.0-1.01-17)",2072
111,op_npaop,Та спеціалісті за,15.4-1.06-97,посадовці,,,"Навчання посадових осіб та спеціалісті за ""Правилами безпеки для олійно-жирового виробництва""(НПАОП 15.4-1.06-97)",1068
112,op_npaop,За,15.4-1.06-97,працівники,,,"Спеціальне навчання робітників за ""Правилами безпеки для олійно-жирового виробництва""(НПАОП 15.4-1.06-97)",2086
113,op_npaop,Виробництві олії методом пресування та екстракції,15.4-1.10-92,посадовці,Правила безпеки при виробництві олії методом пресування та екстракції,Правила безпеки при виробництві олії методом пресування та екстракції,"Навчання посадових осіб та спеціалістів   за ""Правилами безпеки у виробництві олії методом пресування та екстракції"" (НПАОП 15.4-1.10-92)",1049
114,op_npaop,"Виробництва хліба, хлібобулочних та макаронних виробів",15.8-1.27-02,посадовці,"Правила безпеки для виробництва хліба, хлібобулочних та макаронних виробів","Правила безпеки для виробництва хліба, хлібобулочних та макаронних виробів","Навчання посадових осіб та спеціалістів за ""Правилами  безпеки для виробництва хлібобулочних та макаронних виробів"" (НПАОП 15.8-1.27-02)",1073
115,op_npaop,"Виробництва хліба, хлібобулочних та макаронних виробів",15.8-1.27-02,працівники,"Правила безпеки для виробництва хліба, хлібобулочних та макаронних виробів","Правила безпеки для виробництва хліба, хлібобулочних та макаронних виробів","Спеціальне навчання робітників, які  виконують роботи  з виробництва муки та макаронних виробів  за ""Правилами  безпеки для виробництва    хлібобулочних та макаронних виробів""(НПАОП 15.8-1.27-02)",2074
116,op_npaop,Виробництва солоду пива та безалкогольних напоїв,15.9-1.28-17,,Правила охорони праці для виробництва солоду пива та безалкогольних напоїв,Правила охорони праці для виробництва солоду пива та безалкогольних напоїв,,
117,op_npaop,Деревообробній промисловості,20.0-1.02-05,посадовці,Правила охорони праці в деревообробній промисловості,Правила охорони праці в деревообробній промисловості,"Навчання посадових осіб та спеціалістів за ""Правилами охорони праці в деревообробній промисловості (НПАОП 20.0-1.02-05)",1065
118,op_npaop,Деревообробній промисловості,20.0-1.02-05,працівники,Правила охорони праці в деревообробній промисловості,Правила охорони праці в деревообробній промисловості,"Спеціальне навчання робітників, які виконують роботи на верстатах по обробці деревини за ""Правилами охорони праці в деревообробній промисловості (НПАОП 20.0-1.02-05)",2066
119,op_npaop,Целюлозно-паперовій промисловості,21.0-1.01-87,посадовці,Правила з охорони праці у целюлозно-паперовій промисловості,Правила з охорони праці у целюлозно-паперовій промисловості,"Навчання посадових осіб та спеціалістів  за ""Правилами з охорони праці в целюлозно - паперової промисловості"" (НПАОП 21.0-1.01-87)",1084
120,op_npaop,Підприємств та організацій поліграфічної промисловості,22.1-1.02-07,,Правила охорони праці для підприємств та організацій поліграфічної промисловості,Правила охорони праці для підприємств та організацій поліграфічної промисловості,,
121,op_npaop,"Правилами безпеки в коксохімічному виробництві""",23.1-1.01-08,посадовці,,,"Навчання посадових осіб та спеціалістів за ""Правилами безпеки в коксохімічному виробництві"" (НПАОП 23.1-1.01-08)",1024
122,op_npaop,За,23.1-1.01-08,працівники,,,"Спеціальне навчання робітників, за ""Правилами безпеки в коксохімічному виробництві"" (НПАОП 23.1-1.01-08)",2035
123,op_npaop,"Правилами безпеки при експлуатації нафтогазопереробних заводів""",23.2-1.10-73,посадовці,,,"Навчання посадових осіб та спеціалістів за ""Правилами безпеки при експлуатації нафтогазопереробних заводів"" (НПАОП 23.2-1.10-73)",1077
124,op_npaop,Експлуатації магістральних трубопроводів для транспортування р...,24.0-1.19-05,,Правила охорони праці під час експлуатації магістральних трубопроводів для транспортування рідкого аміаку згідно вимог,Правила охорони праці під час експлуатації магістральних трубопроводів для транспортування рідкого аміаку згідно вимог,,
125,op_npaop,Правилами з охорони праці на об’єктах з перероблення пластични...,25.0-1.01-12,посадовці,,,"Навчання посадових осіб та спеціалістів за ""Правилами з охорони праці на об’єктах з перероблення пластичних мас"" (НПАОП 25.0-1.01-12)",1079
126,op_npaop,"Виконують роботи, пов’язані з переробкою пластичних мас за",25.0-1.01-12,працівники,,,"Спеціальне навчання робітників, які виконують роботи,  пов’язані з переробкою пластичних мас за  ""Правилами з охорони праці на об’єктах з перероблення пластичних мас"" (НПАОП 25.0-1.01-12)",2021
127,op_npaop,Правилами охорони праці під час роботи з полімерними композитн...,25.0-1.02-13,посадовці,,,"Навчання посадових осіб та спеціалістів за ""Правилами охорони праці під час роботи з полімерними композитними матеріалами"" (НПАОП 25.0-1.02-13)",1091
128,op_npaop,Підприємствах з виробництвах пластмасових виробів,25.0-1.04-13,працівники,Правила охорони праці на підприємствах з виробництвах пластмасових виробів,Правила охорони праці на підприємствах з виробництвах пластмасових виробів,"Спеціальне навчання робітників, які виконують роботи з виробництва пластмасових виробів за ""Правилами  охорони праці на підприємствах з виробництва пластмасових виробів"" (НПАОП 25.0-1.04-13)",2078
129,op_npaop,Правилами охорони праці на підприємствах з виробництва шин та ...,25.0-1.07-13,посадовці,,,Навчання посадових осіб та спеціалістів за «Правилами охорони праці на підприємствах з виробництва шин та гумових виробів» (НПАОП 25.0-1.07-13),1098
130,op_npaop,"Правилами безпеки у вогнетривкому виробництві""",26.26-1.08-97,посадовці,,,"Навчання посадових осіб і спеціалістів за ""Правилами безпеки у вогнетривкому виробництві"" (НПАОП 26.26-1.08-97)",1087
131,op_npaop,Працівників бетонних і залізобетонних заводів,26.6-1.02-00,,Правила охорони праці для працівників бетонних і залізобетонних заводів,Правила охорони праці для працівників бетонних і залізобетонних заводів,,
132,op_npaop,За,27.0-1.01-08,працівники,,,"Спеціальне навчання робітників за ""Правилами охорони праці в металургійній промисловості"" (НПАОП 27.0-1.01-08)",2033
133,op_npaop,Положенням щодо застосування нарядів-допусків на виконання роб...,27.0-4.03-19,посадовці,,,"Навчання посадових осіб та спеціалістів за ""Положенням щодо застосування нарядів-допусків на виконання робіт підвищеної небезпеки в металургійній промисловості та залізорудних гірничо-збагачувальних комбінатах"" НПАОП 27.0-4.03-19",1028
134,op_npaop,Мінімальними вимогами щодо безпеки та здоров’я на роботі в мет...,27.0-7.04-21,посадовці,,,"Навчання посадових осіб та спеціалістів за ""Мінімальними вимогами щодо безпеки та здоров’я на роботі в металургійній промисловості"" (НПАОП 27.0-7.04-21)",1023
135,op_npaop,За,27.1-1.01-09,працівники,,,"Спеціальне навчання робітників за ""Правилами охорони праці у сталеплавильному виробництві"" (НПАОП 27.1-1.01-09)",2059
136,op_npaop,Правилами охорони праці у прокатному виробництві підприємств м...,27.1-1.04-09,посадовці,,,"Навчання посадових осіб та спеціалістів за ""Правилами охорони праці у прокатному виробництві підприємств металургійного комплексу"" (НПАОП 27.1-1.04-09)",1072
137,op_npaop,Правилами охорони праці під час ремонту устаткування на підпри...,27.1-1.06-08,посадовці,,,"Навчання посадових осіб та спеціалістів за ""Правилами охорони праці під час ремонту устаткування на підприємствах чорної металургії""(НПАОП 27.1-1.06-08)",1027
138,op_npaop,За,27.1-1.06-08,працівники,,,"Спеціальне навчання робітників за ""Правилами охорони праці під час ремонту устаткування на підприємствах чорної металургії""  (НПАОП 27.1-1.06-08)",2034
139,op_npaop,Відповідальних за організацію безпечного проведення газонебезп...,27.1-1.09-09,посадовці,,,"Навчання посадових осіб та спеціалістів, відповідальних за організацію безпечного проведення газонебезпечних робіт з використанням газозахисних апаратів, за ""Правилами охорони праці у газовому господарстві підприємств чорної металургії"" (НПАОП 27.1-1.09-09)",1010
140,op_npaop,Правилами охорони праці у газовому господарстві підприємств чо...,27.1-1.09-09,посадовці,,,"Навчання посадових осіб та спеціалістів за ""Правилами охорони праці у газовому господарстві  підприємств чорної металургії "" (НПАОП 27.1-1.09-09)",1016
141,op_npaop,Виконують газонебезпечні роботи з використанням газозахисних а...,27.1-1.09-09,працівники,,,"Спеціальне навчання робітників, які виконують газонебезпечні роботи з використанням газозахисних апаратів, за ""Правилами охорони праці у газовому господарстві підприємств чорної металургії""(НПАОП 27.1-1.09-09)",2052
142,op_npaop,Правилами безпеки в газовому господарстві коксохімічних підпри...,27.1-1.10-07,посадовці,,,"Навчання посадових осіб та спеціалістів за ""Правилами безпеки в газовому господарстві коксохімічних підприємств і виробництв"" (НПАОП 27.1-1.10-07)",1013
143,op_npaop,За,27.1-1.10-07,працівники,,,"Спеціальне навчання робітників за ""Правилами безпеки в газовому господарстві коксохімічних підприємств і виробництв"" (НПАОП 27.1-1.10-07)",2017
144,op_npaop,"Виконують газонебезпечні роботи у газонебезпечних місцях ІІІ, ...",27.1-1.10-07,працівники,,,"Спеціальне навчання робітників, які  виконують газонебезпечні роботи у газонебезпечних місцях ІІІ, ІV груп  за ""Правилами безпеки в газовому господарстві коксохімічних підприємств і виробництв"" (НПАОП 27.1-1.10-07)",2082
145,op_npaop,"Правилами охорони праці у феросплавному виробництві""",27.35-1.01-09,посадовці,,,"Навчання посадових осіб та спеціалістів за ""Правилами охорони праці у феросплавному виробництві"" (НПАОП 27.35-1.01-09)",1025
146,op_npaop,"Правилами охорони праці під час виробництва алюмінію""",27.4-1.44-15,посадовці,,,"Навчання посадових осіб і спеціалістів за ""Правилами охорони праці під час виробництва алюмінію"" (НПАОП 27.4-1.44-15)",1026
147,op_npaop,За,27.4-1.44-15,працівники,,,"Спеціальне навчання робітників за ""Правилами охорони праці під час виробництва алюмінію"" (НПАОП 27.4-1.44-15)",2036
148,op_npaop,Правилами безпеки на залізничному транспорті підприємств систе...,27.5-1.13-79,посадовці,,,"Навчання посадових осіб та спеціалістів за  ""Правилами  безпеки на залізничному транспорті підприємств системи Мінчормету СРСР"" (НПАОП 27.5-1.13-79) та ""Правилами технічної експлуатації міжгалузевого промислового залізничного транспорту України""",1064
149,op_npaop,"Виконують роботи з підвищеною небезпекою, при обслуговуванні з...",27.5-1.13-79,працівники,,,"Спеціальне навчання працівників, які виконують роботи з підвищеною небезпекою, при обслуговуванні залізничного транспорту, електротранспорту, рухомого складу за  ""Правилами  безпеки на залізничному транспорті підприємств системи Мінчормету СРСР"" (НПАОП 27.5-1.13-79) та ""Правилами технічної експлуатації міжгалузевого промислового залізничного транспорту України.",2065
150,op_npaop,Ливарному виробництві,27.5-1.46-14,посадовці,Правила охорони праці у ливарному виробництві,Правила охорони праці у ливарному виробництві,"Навчання посадових осіб та спеціалістів за ""Правилами охорони праці у  ливарному  виробництві"" (НПАОП 27.5-1.46-14)",1070
151,op_npaop,Ливарному виробництві,27.5-1.46-14,працівники,Правила охорони праці у ливарному виробництві,Правила охорони праці у ливарному виробництві,"Спеціальне навчання робітників, які  експлуатують, обслуговують та виконують плавильні роботи на обладнанні ливарних цехів за ""Правилами охорони праці у    ливарному  виробництві"" (НПАОП 27.5-1.46-14)",2073
152,op_npaop,"Правилами охорони праці під час роботи з абразивним інструментом""",28.0-1.30-12,посадовці,,,"Навчання посадових осіб та спеціалістів за  ""Правилами охорони праці під час роботи з абразивним інструментом"" (НПАОП 28.0-1.30-12)",1045
153,op_npaop,"Виконують роботи з абразивним інструментом, за",28.0-1.30-12,працівники,,,"Спеціальне навчання робітників, які виконують роботи з абразивним інструментом, за ""Правилами охорони праці під час роботи з абразивним інструментом"" (НПАОП 28.0-1.30-12)",2055
154,op_npaop,Охорони праці під час фарбувальних робіт,28.0-1.32-13,посадовці,Правила  охорони праці під час фарбувальних робіт,Правила  охорони праці під час фарбувальних робіт,"Навчання посадових осіб та спеціалістів за ""Правилами охорони праці під час фарбувальних робіт"" (НПАОП 28.0-1.32-13)",1053
155,op_npaop,Охорони праці під час фарбувальних робіт,28.0-1.32-13,працівники,Правила  охорони праці під час фарбувальних робіт,Правила  охорони праці під час фарбувальних робіт,"Спеціальне навчання робітників за ""Правилами охорони праці під час фарбувальних робіт"" (НПАОП 28.0-1.32-13)",2062
156,op_npaop,Ковальсько-пресових робіт,28.0-1.33-13,посадовці,Правила охорони праці під час ковальсько-пресових робіт,Правила охорони праці під час ковальсько-пресових робіт,"Навчання посадових осіб та спеціалістів за  ""Правилами охорони праці під час ковальсько-пресових робіт"" (НПАОП 28.0-1.33-13)",1047
157,op_npaop,Ковальсько-пресових робіт,28.0-1.33-13,працівники,Правила охорони праці під час ковальсько-пресових робіт,Правила охорони праці під час ковальсько-пресових робіт,"Спеціальне навчання робітників, які виконують роботи  на ковальсько-пресовому устаткуванні за ""Правилами охорони праці під час ковальсько-пресових робіт"" (НПАОП 28.0-1.33-13)",2006
158,op_npaop,За,28.0-1.34-14,працівники,,,"Спеціальне навчання робітників,  за «Правилами охорони праці під час електрохімічної обробки металів» (НПАОП 28.0-1.34-14)",2056
159,op_npaop,"Правилами охорони праці під час газоелектричного, контактного,...",28.0-1.35-14,посадовці,,,"Навчання посадових осіб та спеціалістів за ""Правилами охорони праці під час газоелектричного, контактного, кисневого та плазмового різання металів (НПАОП 28.0-1.35-14)",1052
160,op_npaop,"Виконують роботи з різання металів за ""Правилами охорони праці...",28.0-1.35-14,працівники,,,"Спеціальне навчання робітників, які виконують  роботи з різання металів за ""Правилами охорони праці під час газоелектричного, контактного, кисневого та плазмового різання металів (НПАОП 28.0-1.35-14)",2045
161,op_npaop,"Правилами охорони праці при нанесенні металопокриттів""",28.0-1.37-14,посадовці,,,"Навчання посадових осіб та спеціалістів  за ""Правилами охорони праці при нанесенні металопокриттів"" (НПАОП 28.0-1.37-14)",1076
162,op_npaop,За «Правилами охорони праці при нанесенні металопокриттів,28.0-1.37-14,працівники,,,Спеціальне навчання робітників за «Правилами охорони праці при нанесенні металопокриттів (НПАОП 28.0-1.37-14),2081
163,op_npaop,Правилами безпеки при експлуатації електротермічних установок ...,28.51-1.19-62,посадовці,,,Навчання посадових осіб та спеціалістів за «Правилами безпеки при експлуатації електротермічних установок підвищеної й високої частоти» (НПАОП 28.51-1.19-62).,10100
164,op_npaop,Виконують роботи в термічних цехах та дільницях на електротерм...,28.51-1.19-62,працівники,,,"Спеціальне навчання працівників, які виконують роботи  в термічних цехах та дільницях на  електротермічних установках підвищеної та високої частоти за  «Правилами безпеки при експлуатації електротермічних установок підвищеної й високої частоти» (НПАОП 28.51-1.19-62).",2092
165,op_npaop,Виконують роботи з піскоструминними апаратами за,28.51-1.42-18,працівники,,,"Спеціальне навчання працівників, які виконують роботи з піскоструминними  апаратами за «Правилами охорони праці під час очищення деталей механічним способом» (НПАОП 28.51-1.42-18)",2051
166,op_npaop,Правил охорони праці під час зварювання металів,28.52-1.31-13,посадовці,Правил охорони праці під час зварювання металів,Правил охорони праці під час зварювання металів,"Навчання посадових осіб та спеціалістів за ""Правилами охорони праці під час паяльних робіт"" (НПАОП 28.52-1.31-13)",1094
167,op_npaop,Правил охорони праці під час зварювання металів,28.52-1.31-13,посадовці,Правил охорони праці під час зварювання металів,Правил охорони праці під час зварювання металів,"Навчання посадових осіб та спеціалістів за ""Правилами охорони праці під час зварювання металів"" (НПАОП 28.52-1.31-13)",1008
168,op_npaop,Правил охорони праці під час зварювання металів,28.52-1.31-13,працівники,Правил охорони праці під час зварювання металів,Правил охорони праці під час зварювання металів,"Спеціальне навчання робітників, які виконують електрозварювальні та газополум'яні роботи  за ""Правилами охорони праці під час зварювання металів"" (НПАОП 28.52-1.31-13) .",2008
169,op_npaop,Правилами охорони праці для підприємств по виробництву кабельн...,28.7-1.01-07,посадовці,,,"Навчання посадових осіб та спеціалістів за ""Правилами охорони праці для підприємств по виробництву кабельної продукції""(НПАОП 28.7-1.01-07)",1069
170,op_npaop,Аміачних холодильних установок,29.23-1.04-90,,Правила будови та безпечної експлуатації аміачних холодильних установок,Правила будови та безпечної експлуатації аміачних холодильних установок,,
171,op_npaop,Правилами безпеки при заготівлі і переробці брухту та відходів...,37.0-1.01-09,посадовці,,,"Навчання посадових осіб та спеціалістів за ""Правилами безпеки при заготівлі і переробці брухту та відходів чорних і кольорових металів"" (НПАОП 37.0-1.01-09)",1061
172,op_npaop,Експлуатації систем водопостачання та водовідведення населених...,41.0-1.01-79,посадовці,Правила техніки безпеки при експлуатації систем водопостачання та водовідведення населених міст,Правила техніки безпеки при експлуатації систем водопостачання та водовідведення населених міст,"Навчання посадових осіб та спеціалістів за ""Правилами техніки безпеки при експлуатації систем водопостачання та водовідведення населених місць"" (НПАОП 41.0-1.01-79)",1056
173,op_npaop,Експлуатації систем водопостачання та водовідведення населених...,41.0-1.01-79,працівники,Правила техніки безпеки при експлуатації систем водопостачання та водовідведення населених міст,Правила техніки безпеки при експлуатації систем водопостачання та водовідведення населених міст,"Спеціальне навчання робітників за ""Правилами техники безопасности при  эксплуатации систем водоснабжения и водоотведения населенных мест"" (НПАОП 41.0-1.01-79)",2079
174,op_npaop,Правилами безпеки під час реконструкції будівель і споруд пром...,45.2-1.12-01,посадовці,,,"Навчання посадових осіб та спеціалістів за ""Правилами безпеки під час реконструкції будівель і споруд промислових підприємств"" (НПАОП 45.2-1.12-01)",1042
175,op_npaop,Охорона праці і промислова безпека у будівництві,45.2-7.02-12,посадовці,Система стандартів безпеки праці. Охорона праці і промислова безпека у будівництві (ДБН А.3.2.-2-2009),Система стандартів безпеки праці. Охорона праці і промислова безпека у будівництві (ДБН А.3.2.-2-2009),"Навчання посадових осіб та спеціалістів за ""Державними будівельними нормами України ""Система стандартів безпеки праці. Охорона праці і промислова безпека у будівництві"" (НПАОП 45.2-7.02-12)",1043
176,op_npaop,Охорона праці і промислова безпека у будівництві,45.2-7.02-12,працівники,Система стандартів безпеки праці. Охорона праці і промислова безпека у будівництві (ДБН А.3.2.-2-2009),Система стандартів безпеки праці. Охорона праці і промислова безпека у будівництві (ДБН А.3.2.-2-2009),"Спеціальне навчання робітників які виконують земляні роботи на глибині понад 2 метри або в зоні розташування підземних комунікацій за ""Державними будівельними нормами України ""Система стандартів безпеки праці. Охорона праці і промислова безпека у будівництві "" (НПАОП 45.2-7.02-12)",2071
177,op_npaop,Мін. вимоги тимчасових або мобільних будівельних майданчиках,45.2-7.03-17,посадовці,Мінімальні вимоги з охорони праці на тимчасових або мобільних будівельних майданчиках,Мінімальні вимоги з охорони праці на тимчасових або мобільних будівельних майданчиках,"Навчання посадових осіб та спеціалістів згідно з ""Мінімальними вимогами  з охорони праці на тимчасових або мобільних будівельних майданчиках"" (НПАОП 45.2-7.03-17)",1081
178,op_npaop,Житлових і громадських будівель,45.21-1.04-79,,Правила безпечної експлуатації житлових і громадських будівель,Правила безпечної експлуатації житлових і громадських будівель,,
179,op_npaop,Об’єктів роздрібної торгівлі,52.0-1.01-96,посадовці,Правила охорони праці для об’єктів роздрібної торгівлі,Правила охорони праці для об’єктів роздрібної торгівлі,"Навчання посадових осіб та спеціалістів за ""Правилами охорони праці для об’єктів роздрібної торгівлі"" (НПАОП 52.0-1.01-96).",1093
180,op_npaop,Підприємств громадського харчування,55.0-1.02-96,посадовці,Правила охорони праці для підприємств громадського харчування,Правила охорони праці для підприємств громадського харчування,"Навчання посадових осіб та спеціалістів за ""Правилами охорони праці для підприємств громадського харчування"" (НПАОП 55.0-1.02-96)",1082
181,op_npaop,Підприємств громадського харчування,55.0-1.02-96,працівники,Правила охорони праці для підприємств громадського харчування,Правила охорони праці для підприємств громадського харчування,"Спеціальне навчання робітників, які експлуатують обладнання підприємств громадського харчування за ""Правилами охорони праці для підприємств громадського харчування"" (НПАОП 55.0-1.02-96)",2083
182,op_npaop,Магістральних газопроводів,60.3-1.01-10,посадовці,Правила безпечної експлуатації магістральних газопроводів,Правила безпечної експлуатації магістральних газопроводів,"Навчання посадових осіб і спеціалістів за ""Правилами  безпечної експлуатації магістральних газопроводів"" (НПАОП 60.3-1.01-10)",1089
183,op_npaop,Магістральних газопроводів,60.3-1.01-10,працівники,Правила безпечної експлуатації магістральних газопроводів,Правила безпечної експлуатації магістральних газопроводів,"Спеціальне навчання робітників  за ""Правилами  безпечної експлуатації магістральних газопроводів"" (НПАОП 60.3-1.01-10)",2089
184,op_npaop,Правилами техніки безпеки та промислової санітарії при експлуа...,60.3-1.19-78,посадовці,,,"Навчання посадових осіб і спеціалістів за ""Правилами  техніки безпеки та промислової санітарії при експлуатації магістральних нафтопродуктопроводів"" (НПАОП 60.3-1.19-78)",1090
185,op_npaop,За,60.3-1.19-78,працівники,,,"Спеціальне навчання робітників за ""Правилами  техніки безпеки та промислової санітарії при експлуатації магістральних нафтопродуктопроводів"" (НПАОП 60.3-1.19-78)",2087
186,op_npaop,Обладнання автомобільних газонаповнювальних компресорних станцій,63.2-1.06-02,посадовці,Правила безпечної експлуатації та обслуговування обладнання автомобільних газонаповнювальних компресорних станцій (АГНКС),Правила безпечної експлуатації та обслуговування обладнання автомобільних газонаповнювальних компресорних станцій (АГНКС),"Навчання посадових осіб та спеціалістів за ""Правилами безпечної експлуатації і обслуговування обладнання автомобільних газонаповнювальних компресорних станцій"" (АГНКС) (НПАОП 63.2-1.06-02)",1046
187,op_npaop,Обладнання автомобільних газонаповнювальних компресорних станцій,63.2-1.06-02,працівники,Правила безпечної експлуатації та обслуговування обладнання автомобільних газонаповнювальних компресорних станцій (АГНКС),Правила безпечної експлуатації та обслуговування обладнання автомобільних газонаповнювальних компресорних станцій (АГНКС),"Спеціальне навчання робітників, які експлуатують та обслуговують обладнання автомобільних газонаповнювальних компресорних станцій, за ""Правилами безпечної експлуатації і обслуговування обладнання автомобільних газонаповнювальних компресорних станцій (АГНКС)"" (НПАОП 63.2-1.06-02)",2019
188,op_npaop,"Правилами охорони праці під час будівництва, ремонту та утрима...",63.21-1.01-09,посадовці,,,"Навчання посадових осіб та спеціалістів за «Правилами охорони праці під час будівництва, ремонту та утримання автомобільних доріг»(НПАОП 63.21-1.01-09)",1099
189,op_npaop,За,63.21-1.01-09,працівники,,,"Спеціальне навчання робітників  за «Правилами охорони праці під час будівництва, ремонту та утримання автомобільних доріг»(НПАОП 63.21-1.01-09)",2091
190,op_npaop,Виконання навантажувально-розвантажувальних робіт на залізничн...,63.21-1.22-07,,Правила охорони праці під час виконання навантажувально-розвантажувальних робіт на залізничному транспорті,Правила охорони праці під час виконання навантажувально-розвантажувальних робіт на залізничному транспорті,,
191,op_npaop,Правилами безпеки праці під час виконання робіт у колійному го...,63.21-1.25-07,посадовці,,,"Навчання посадових осіб та спеціалістів   за ""Правилами безпеки праці під час виконання робіт у колійному господарстві"" (НПАОП 63.21-1.25-07)",1011
192,op_npaop,Роботи в хімічних лабораторіях,73.1-1.11-12,посадовці,Правила охорони праці під час роботи в хімічних лабораторіях,Правила охорони праці під час роботи в хімічних лабораторіях,"Навчання посадових осіб та спеціалістів за ""Правилами охорони праці  під час роботи в хімічних лабораторіях"" (НПАОП 73.1-1.11-12)",1054
193,op_npaop,Роботи в хімічних лабораторіях,73.1-1.11-12,працівники,Правила охорони праці під час роботи в хімічних лабораторіях,Правила охорони праці під час роботи в хімічних лабораторіях,"Спеціальне навчання робітників за ""Правилами охорони праці під час роботи в хімічних лабораторіях"" (НПАОП 73.1-1.11-12)",2015
194,op_npaop,Геологорозвідувальних роботах,74.2-1.02-90,посадовці,Правила безпеки при геологорозвідувальних роботах,Правила безпеки при геологорозвідувальних роботах,"Навчання посадових осіб та спеціалістів за ""Правилами  безпеки при геологорозвідувальних роботах ( НПАОП 74.2-1.02-90)",1096
195,op_npaop,Виконання маркшейдерських робіт під час розробки родовищ рудни...,74.2-1.07-21,,Правила виконання маркшейдерських робіт під час розробки родовищ рудних та нерудних корисних копалин,Правила виконання маркшейдерських робіт під час розробки родовищ рудних та нерудних корисних копалин,,
196,op_npaop,"Правилами будови і безпечної експлуатації атракціонної техніки""",92.7-1.01-06,посадовці,,,"Навчання посадових осіб та спеціалістів за ""Правилами будови і безпечної експлуатації атракціонної техніки"" (НПАОП 92.7-1.01-06)",1038
197,op_npaop,За,92.7-1.01-06,працівники,,,"Спеціальне навчання робітників за ""Правилами будови і безпечної експлуатації атракціонної техніки"" (НПАОП 92.7-1.01-06)",2039
198,op_npaop,"Правилами охорони праці при експлуатації пралень та лазень""",93.0-1.06-97,посадовці,,,"Навчання посадових осіб та спеціалістів за ""Правилами охорони праці при експлуатації пралень та лазень"" (НПАОП 93.0-1.06-97)",1044
199,pb,Пожежна безпека (посадовці),,посадовці,Навчання посадових осіб з питань пожежної безпеки,Навчання посадових осіб з питань пожежної безпеки,"Навчання з питань пожежної безпеки посадових осіб підприємств, установ та організацій",1002
200,pb,Пожежно-технічний мінімум,,працівники,Навчання та перевірка знань з пожежно-технічного мінімуму,Навчання та перевірка знань з пожежно-технічного мінімуму,"Спеціальне навчання (пожежно-технічний мінімум) працівників, зайнятих на роботах з підвищеною пожежною небезпекою",2002
203,eb_2_4,Електробезпека (2-4 гр.),,посадовці,,,"Спеціальне навчання працівників, посадових осіб та спеціалістів за ""Правилами технічної експлуатації електроустановок споживачів"" (наказ Мінпаливенерго від 25.07.2006 № 258, у редакції наказу Міненерговугілля від 13.02.2012 № 91.",1004
204,eb_2_4,Дизель-генератор,,працівники,,,Курси з навчання «Підвищення надійності електропостачання з використанням дизель-генератора»,2048
205,eb_2_4,Електробезпека (2-4 гр.),,працівники,,,"Спеціальне навчання працівників, які виконують роботи у діючих електроустановках напругою до 150 кВ включно, за ""Правилами технічної експлуатації електроустановок споживачів"" (наказ Мінпаливенерго від 25.07.2006 № 258, у редакції наказу Міненерговугілля від 13.02.2012 № 91)",2003/1
206,eb_2_4,Електробезпека (2-4 гр.),,працівники,,,"Спеціальне навчання працівників за ""Правилами технічної експлуатації електроустановок споживачів""(наказ Мінпаливенерго від 25.07.2006 № 258, у редакції наказу Міненерговугілля від 13.02.2012 № 91)",2005/1
207,eb_2_4,Електробезпека (2-4 гр.),"40.1-1.01-97, 40.1-1.07-01, 40.1-1.21-98, 40.1-1.32-01",посадовці,Навчання з електробезпеки,Навчання з електробезпеки,"Спеціальне навчання працівників, посадових осіб та спеціалістів за ""Правилами безпечної експлуатації електроустановок споживачів""  (НПАОП 40.1-1.21-98), «Правилами експлуатації електрозахисних засобів» та «Правилами будови електроустановок. Електрообладнання спеціальних установок»",1003
208,eb_2_4,Електробезпека (2-4 гр.),"40.1-1.01-97, 40.1-1.07-01, 40.1-1.21-98, 40.1-1.32-01",працівники,Навчання з електробезпеки,Навчання з електробезпеки,"Спеціальне навчання працівників, які виконують роботи у діючих електроустановках напругою до 220 кВ включно, відповідно до  ""Правил безпечної експлуатації електроустановок споживачів"" (НПАОП 40.1-1.21-98),  «Правил експлуатації електрозахисних засобів» та «Правил будови електроустановок. Електрообладнання спеціальних установок»",2003
209,eb_2_4,Електробезпека (2-4 гр.),"40.1-1.01-97, 40.1-1.07-01, 40.1-1.21-98, 40.1-1.32-01",працівники,Навчання з електробезпеки,Навчання з електробезпеки,"Спеціальне навчання працівників, які  експлуатують електротехнічні частини виробничого обладнання, відповідно до  ""Правил безпечної експлуатації електроустановок споживачів"" (НПАОП 40.1-1.21-98), «Правил експлуатації електрозахисних засобів» та «Правил будови електроустановок. Електрообладнання спеціальних установок»",2005
210,eb_5,Електробезпека (5 гр.),"40.1-1.01-97, 40.1-1.07-01, 40.1-1.21-98, 40.1-1.32-01",,Навчання з електробезпеки (V група),,,
211,cz,Цивільний захист,,,Навчання посадових осіб з цивільного захисту,,,
212,prof,Електрогазозварник,,,,Електрогазозварник (практичне навчання),,
213,prof,Електрогазозварник,,,Електрогазозварник,Електрогазозварник,,
214,prof,Газорізальник,,,Газорізальник,Газорізальник,,
215,prof,Водій навантажувача річтрак,,,,Водій навантажувача річтрак (практичне навчання),,
216,prof,Водій навантажувача,,,,Водій навантажувача (практичне навчання),,
217,prof,Водій навантажувача,,,Водій навантажувача (дистанційно),Водій навантажувача (дистанційно),,
218,prof,Стропальник,,,Стропальник,Стропальник,,
219,prof,Слюсар з контрольно-вимірювальних приладів та автоматики (елек...,,,,Слюсар з контрольно-вимірювальних приладів та автоматики (електромеханіка,,
220,prof,Слюсар з експлуатації та ремонту газового устаткування,,,Слюсар з експлуатації та ремонту газового устаткування,Слюсар з експлуатації та ремонту газового устаткування,,
221,prof,Оператор котельні,,,Оператор котельні,Оператор котельні,,
222,prof,Оператор заправних станцій,,,Оператор заправних станцій,Оператор заправних станцій,,
223,prof,Налагоджувальник контрольно-вимірювальних приладів та автоматики,,,Налагоджувальник контрольно-вимірювальних приладів та автоматики,Налагоджувальник контрольно-вимірювальних приладів та автоматики,,
224,prof,Муляр,,,Муляр,Муляр,,
225,prof,"Монтажник систем вентиляції, кондиціонування повітря, пневмотр...",,,"Монтажник систем вентиляції, кондиціонування повітря, пневмотранспорту й аспірації","Монтажник систем вентиляції, кондиціонування повітря, пневмотранспорту й аспірації",,
226,prof,Монтажник санітарно-технічних систем і устаткування,,,Монтажник санітарно-технічних систем і устаткування,Монтажник санітарно-технічних систем і устаткування,,
227,prof,Монтажник з монтажу сталевих та залізобетонних конструкцій,,,Монтажник з монтажу сталевих та залізобетонних конструкцій,Монтажник з монтажу сталевих та залізобетонних конструкцій,,
228,prof,Машиніст холодильних установок,,,Машиніст холодильних установок,Машиніст холодильних установок,,
229,prof,Машиніст крана автомобільного,,,Машиніст крана автомобільного,Машиніст крана автомобільного,,
230,prof,Машиніст крана,,,Машиніст крана (кранівник),Машиніст крана (кранівник),,
231,prof,"Машиніст автовишки, автогідропідіймача",,,"Машиніст автовишки, автогідропідіймача","Машиніст автовишки, автогідропідіймача",,
232,prof,Електромонтер РОЕУ,,,Електромонтер РОЕУ,Електромонтер РОЕУ,,
233,prof,Верстатник широкого профілю,,,Верстатник широкого профілю,Верстатник широкого профілю,,
234,prof,Бетоняр,,,Бетоняр,Бетоняр,,
235,prof,Водій навантажувача річтрак,,,Водій навантажувача річтрак,,,
236,prof,Слюсар з контрольно-вимірювальних приладів та автоматики,,,Слюсар з контрольно-вимірювальних приладів та автоматики (електромеханіка),,,
237,prof,Домедична допомога,,працівники,,,Навчання за курсом  Надання домедичної допомоги особам при невідкладних станах (наказ МОЗ України №398 від 16.06.2014),2001
