rule_id,center_id,accepted,category_id,center_price,notes
1,profiteh,TRUE,op_npaop,870,
1,vector,TRUE,op_npaop,750,
2,profiteh,TRUE,op_npaop,870,
2,vector,TRUE,op_npaop,750,
3,profiteh,TRUE,op_npaop,870,
3,vector,TRUE,op_npaop,750,
4,profiteh,TRUE,op_npaop,870,
4,vector,TRUE,op_npaop,750,
5,profiteh,TRUE,op_npaop,870,
5,vector,TRUE,op_npaop,750,
6,profiteh,TRUE,op_npaop,870,
6,vector,TRUE,op_npaop,750,
7,profiteh,TRUE,op_npaop,870,
7,vector,TRUE,op_npaop,750,
8,profiteh,TRUE,op_npaop,870,
8,vector,TRUE,op_npaop,750,
9,profiteh,TRUE,op_npaop,870,
9,vector,TRUE,op_npaop,750,
10,profiteh,TRUE,op_npaop,870,
10,vector,TRUE,op_npaop,750,
11,profiteh,TRUE,op_npaop,870,
11,vector,TRUE,op_npaop,750,
12,profiteh,TRUE,op_npaop,870,
12,vector,TRUE,op_npaop,750,
13,profiteh,TRUE,op_npaop,870,
13,vector,TRUE,op_npaop,750,
14,profiteh,TRUE,op_npaop,870,
14,vector,TRUE,op_npaop,750,
15,profiteh,TRUE,op_npaop,870,
15,vector,TRUE,op_npaop,750,
16,profiteh,TRUE,op_npaop,870,
16,vector,TRUE,op_npaop,750,
17,profiteh,TRUE,op_npaop,870,
17,vector,TRUE,op_npaop,750,
18,profiteh,TRUE,op_npaop,870,
18,vector,TRUE,op_npaop,750,
19,profiteh,TRUE,op_npaop,870,
19,vector,TRUE,op_npaop,750,
20,profiteh,TRUE,op_npaop,870,
20,vector,TRUE,op_npaop,750,
21,profiteh,TRUE,op_npaop,870,
21,vector,TRUE,op_npaop,750,
22,profiteh,TRUE,op_npaop,870,
22,vector,TRUE,op_npaop,750,
23,profiteh,TRUE,op_npaop,870,
23,vector,TRUE,op_npaop,750,
24,profiteh,TRUE,op_npaop,870,
24,vector,TRUE,op_npaop,750,
25,profiteh,TRUE,op_npaop,870,
25,vector,TRUE,op_npaop,750,
26,profiteh,TRUE,op_npaop,870,
26,vector,TRUE,op_npaop,750,
27,profiteh,TRUE,op_npaop,870,
27,vector,TRUE,op_npaop,750,
28,profiteh,TRUE,op_npaop,870,
28,vector,TRUE,op_npaop,750,
29,profiteh,TRUE,op_npaop,870,
29,vector,TRUE,op_npaop,750,
30,profiteh,TRUE,op_npaop,870,
30,vector,TRUE,op_npaop,750,
31,profiteh,TRUE,op_npaop,870,
31,vector,TRUE,op_npaop,750,
32,profiteh,TRUE,op_npaop,870,
32,vector,TRUE,op_npaop,750,
33,profiteh,TRUE,op_npaop,870,
33,vector,TRUE,op_npaop,750,
34,profiteh,TRUE,op_npaop,870,
34,vector,TRUE,op_npaop,750,
35,profiteh,TRUE,op_npaop,870,
35,vector,TRUE,op_npaop,750,
36,profiteh,TRUE,op_npaop,870,
36,vector,TRUE,op_npaop,750,
37,profiteh,TRUE,op_npaop,870,
37,vector,TRUE,op_npaop,750,
38,profiteh,TRUE,op_npaop,870,
38,vector,TRUE,op_npaop,750,
39,profiteh,TRUE,op_npaop,870,
39,vector,TRUE,op_npaop,750,
40,profiteh,TRUE,op_npaop,870,
40,vector,TRUE,op_npaop,750,
41,profiteh,TRUE,op_npaop,870,
41,vector,TRUE,op_npaop,750,
42,profiteh,TRUE,op_npaop,870,
42,vector,TRUE,op_npaop,750,
43,profiteh,TRUE,op_npaop,870,
43,vector,TRUE,op_npaop,750,
44,profiteh,TRUE,op_npaop,870,
44,vector,TRUE,op_npaop,750,
45,profiteh,TRUE,op_npaop,870,
45,vector,TRUE,op_npaop,750,
46,profiteh,TRUE,op_npaop,870,
46,vector,TRUE,op_npaop,750,
47,profiteh,TRUE,op_npaop,870,
47,vector,TRUE,op_npaop,750,
48,profiteh,TRUE,op_npaop,870,
48,vector,TRUE,op_npaop,750,
49,profiteh,TRUE,op_npaop,870,
49,vector,TRUE,op_npaop,750,
50,profiteh,TRUE,op_npaop,870,
50,vector,TRUE,op_npaop,750,
51,profiteh,TRUE,op_npaop,870,
51,vector,TRUE,op_npaop,750,
52,profiteh,TRUE,op_npaop,870,
52,vector,TRUE,op_npaop,750,
53,profiteh,TRUE,op_npaop,870,
53,vector,TRUE,op_npaop,750,
54,profiteh,TRUE,op_npaop,870,
54,vector,TRUE,op_npaop,750,
55,profiteh,TRUE,op_npaop,870,
55,vector,TRUE,op_npaop,750,
56,profiteh,TRUE,op_npaop,870,
56,vector,TRUE,op_npaop,750,
57,profiteh,TRUE,op_npaop,870,
57,vector,TRUE,op_npaop,750,
58,profiteh,TRUE,op_npaop,870,
58,vector,TRUE,op_npaop,750,
59,profiteh,TRUE,op_npaop,870,
59,vector,TRUE,op_npaop,750,
60,profiteh,TRUE,op_npaop,870,
60,vector,TRUE,op_npaop,750,
61,profiteh,TRUE,op_npaop,870,
61,vector,TRUE,op_npaop,750,
62,profiteh,TRUE,op_npaop,870,
62,vector,TRUE,op_npaop,750,
63,profiteh,TRUE,op_npaop,870,
63,vector,TRUE,op_npaop,750,
64,profiteh,TRUE,op_npaop,870,
64,vector,TRUE,op_npaop,750,
65,profiteh,TRUE,op_npaop,870,
65,vector,TRUE,op_npaop,750,
66,profiteh,TRUE,pb,780,
66,vector,TRUE,pb,650,
67,profiteh,TRUE,pb,780,
67,vector,TRUE,pb,650,
68,vector,TRUE,pb,650,
69,profiteh,TRUE,eb_2_4,1200,
69,vector,TRUE,eb_2_4,1000,
70,vector,TRUE,eb_5,1600,
71,profiteh,TRUE,prof,2000,
71,vector,TRUE,prof,1500,
72,profiteh,TRUE,prof,2000,
72,vector,TRUE,prof,1500,
73,vector,TRUE,prof,1500,
74,profiteh,TRUE,prof,2000,
74,vector,TRUE,prof,1500,
75,profiteh,TRUE,prof,2000,
75,vector,TRUE,prof,1500,
76,vector,TRUE,prof,1500,
77,profiteh,TRUE,prof,2000,
77,vector,TRUE,prof,1500,
78,profiteh,TRUE,prof,2000,
78,vector,TRUE,prof,1500,
79,profiteh,TRUE,prof,2000,
79,vector,TRUE,prof,1500,
80,profiteh,TRUE,prof,2000,
80,vector,TRUE,prof,1500,
81,profiteh,TRUE,prof,2000,
81,vector,TRUE,prof,1500,
82,profiteh,TRUE,prof,2000,
82,vector,TRUE,prof,1500,
83,profiteh,TRUE,prof,2000,
83,vector,TRUE,prof,1500,
84,profiteh,TRUE,prof,2000,
84,vector,TRUE,prof,1500,
85,profiteh,TRUE,prof,2000,
85,vector,TRUE,prof,1500,
86,profiteh,TRUE,prof,2000,
86,vector,TRUE,prof,1500,
87,profiteh,TRUE,prof,2000,
87,vector,TRUE,prof,1500,
88,profiteh,TRUE,prof,2000,
88,vector,TRUE,prof,1500,
89,profiteh,TRUE,prof,2000,
89,vector,TRUE,prof,1500,
90,profiteh,TRUE,prof,2000,
90,vector,TRUE,prof,1500,
91,profiteh,TRUE,prof,2000,
91,vector,TRUE,prof,1500,
92,profiteh,TRUE,prof,2000,
93,profiteh,TRUE,prof,2000,
94,profiteh,TRUE,prof,2000,
95,profiteh,TRUE,prof,2000,
96,bezpeka,TRUE,op_npaop,1000,
97,bezpeka,TRUE,op_npaop,1000,
98,bezpeka,TRUE,op_npaop,1000,
99,bezpeka,TRUE,op_npaop,1000,
100,bezpeka,TRUE,op_npaop,1000,
101,bezpeka,TRUE,op_npaop,1000,
102,bezpeka,TRUE,op_npaop,1000,
103,bezpeka,TRUE,op_npaop,1000,
104,bezpeka,TRUE,op_npaop,1000,
105,bezpeka,TRUE,op_npaop,1000,
106,bezpeka,TRUE,op_npaop,1000,
107,bezpeka,TRUE,op_npaop,1000,
108,bezpeka,TRUE,op_npaop,1000,
109,bezpeka,TRUE,op_npaop,1000,
110,bezpeka,TRUE,op_npaop,1000,
111,bezpeka,TRUE,op_npaop,1000,
112,bezpeka,TRUE,op_npaop,1000,
113,bezpeka,TRUE,op_npaop,1000,
114,bezpeka,TRUE,op_npaop,1000,
115,bezpeka,TRUE,op_npaop,1000,
116,bezpeka,TRUE,op_npaop,1000,
117,bezpeka,TRUE,op_npaop,1000,
118,bezpeka,TRUE,op_npaop,1000,
119,bezpeka,TRUE,op_npaop,1000,
120,bezpeka,TRUE,op_npaop,1000,
121,bezpeka,TRUE,op_npaop,1000,
122,bezpeka,TRUE,op_npaop,1000,
123,bezpeka,TRUE,op_npaop,1000,
124,bezpeka,TRUE,op_npaop,1000,
125,bezpeka,TRUE,op_npaop,1000,
126,bezpeka,TRUE,op_npaop,1000,
127,bezpeka,TRUE,op_npaop,1000,
128,bezpeka,TRUE,op_npaop,1000,
129,bezpeka,TRUE,op_npaop,1000,
130,bezpeka,TRUE,op_npaop,1000,
131,bezpeka,TRUE,op_npaop,1000,
132,bezpeka,TRUE,op_npaop,1000,
133,bezpeka,TRUE,op_npaop,1000,
134,bezpeka,TRUE,op_npaop,1000,
135,bezpeka,TRUE,op_npaop,1000,
136,bezpeka,TRUE,op_npaop,1000,
137,bezpeka,TRUE,op_npaop,1000,
138,bezpeka,TRUE,op_npaop,1000,
139,bezpeka,TRUE,op_npaop,1000,
140,bezpeka,TRUE,op_npaop,1000,
141,bezpeka,TRUE,op_npaop,1000,
142,bezpeka,TRUE,op_npaop,1000,
143,bezpeka,TRUE,op_npaop,1000,
144,bezpeka,TRUE,op_npaop,1000,
145,bezpeka,TRUE,op_npaop,1000,
146,bezpeka,TRUE,op_npaop,1000,
147,bezpeka,TRUE,op_npaop,1000,
148,bezpeka,TRUE,op_npaop,1000,
149,bezpeka,TRUE,op_npaop,1000,
150,bezpeka,TRUE,op_npaop,1000,
151,bezpeka,TRUE,op_npaop,1000,
152,bezpeka,TRUE,op_npaop,1000,
153,bezpeka,TRUE,op_npaop,1000,
154,bezpeka,TRUE,op_npaop,1000,
155,bezpeka,TRUE,op_npaop,1000,
156,bezpeka,TRUE,op_npaop,1000,
157,bezpeka,TRUE,op_npaop,1000,
158,bezpeka,TRUE,op_npaop,1000,
159,bezpeka,TRUE,op_npaop,1000,
160,bezpeka,TRUE,op_npaop,1000,
161,bezpeka,TRUE,op_npaop,1000,
162,bezpeka,TRUE,op_npaop,1000,
163,bezpeka,TRUE,op_npaop,1000,
164,bezpeka,TRUE,op_npaop,1000,
165,bezpeka,TRUE,op_npaop,1000,
166,bezpeka,TRUE,op_npaop,1000,
167,bezpeka,TRUE,op_npaop,1000,
168,bezpeka,TRUE,op_npaop,1000,
169,bezpeka,TRUE,op_npaop,1000,
170,bezpeka,TRUE,op_npaop,1000,
171,bezpeka,TRUE,op_npaop,1000,
172,bezpeka,TRUE,op_npaop,1000,
173,bezpeka,TRUE,op_npaop,1000,
174,bezpeka,TRUE,op_npaop,1000,
175,bezpeka,TRUE,op_npaop,1000,
176,bezpeka,TRUE,op_npaop,1000,
177,bezpeka,TRUE,op_npaop,1000,
178,bezpeka,TRUE,op_npaop,1000,
179,bezpeka,TRUE,op_npaop,1000,
180,bezpeka,TRUE,op_npaop,1000,
181,bezpeka,TRUE,op_npaop,1000,
182,bezpeka,TRUE,op_npaop,1000,
183,bezpeka,TRUE,op_npaop,1000,
184,bezpeka,TRUE,op_npaop,1000,
185,bezpeka,TRUE,op_npaop,1000,
186,bezpeka,TRUE,op_npaop,1000,
187,bezpeka,TRUE,op_npaop,1000,
188,bezpeka,TRUE,op_npaop,1000,
189,bezpeka,TRUE,op_npaop,1000,
190,bezpeka,TRUE,op_npaop,1000,
191,bezpeka,TRUE,op_npaop,1000,
192,bezpeka,TRUE,op_npaop,1000,
193,bezpeka,TRUE,op_npaop,1000,
194,bezpeka,TRUE,op_npaop,1000,
195,bezpeka,TRUE,op_npaop,1000,
196,bezpeka,TRUE,op_npaop,1000,
197,bezpeka,TRUE,op_npaop,1000,
198,bezpeka,TRUE,op_npaop,1000,
199,bezpeka,TRUE,op_npaop,1000,
200,bezpeka,TRUE,op_npaop,1000,
201,bezpeka,TRUE,op_npaop,1000,
202,bezpeka,TRUE,op_npaop,1000,
203,bezpeka,TRUE,op_npaop,1000,
204,bezpeka,TRUE,op_npaop,1000,
205,bezpeka,TRUE,op_npaop,1000,
206,bezpeka,TRUE,op_npaop,1000,
207,bezpeka,TRUE,op_npaop,1000,
208,bezpeka,TRUE,op_npaop,1000,
209,bezpeka,TRUE,op_npaop,1000,
210,bezpeka,TRUE,op_npaop,1000,
211,bezpeka,TRUE,op_npaop,1000,
212,bezpeka,TRUE,op_npaop,1000,
213,bezpeka,TRUE,op_npaop,1000,
214,bezpeka,TRUE,op_npaop,1000,
215,bezpeka,TRUE,op_npaop,1000,
216,bezpeka,TRUE,op_npaop,1000,
217,bezpeka,TRUE,op_npaop,1000,
218,bezpeka,TRUE,op_npaop,1000,
219,bezpeka,TRUE,op_npaop,1000,
220,bezpeka,TRUE,op_npaop,1000,
221,bezpeka,TRUE,op_npaop,1000,
222,bezpeka,TRUE,op_npaop,1000,
223,bezpeka,TRUE,op_npaop,1000,
224,bezpeka,TRUE,op_npaop,1000,
225,bezpeka,TRUE,op_npaop,1000,
226,bezpeka,TRUE,op_npaop,1000,
227,bezpeka,TRUE,op_npaop,1000,
228,bezpeka,TRUE,op_npaop,1000,
229,bezpeka,TRUE,op_npaop,1000,
230,bezpeka,TRUE,op_npaop,1000,
231,bezpeka,TRUE,op_npaop,1000,
232,bezpeka,TRUE,op_npaop,1000,
233,bezpeka,TRUE,op_npaop,1000,
234,bezpeka,TRUE,op_npaop,1000,
235,bezpeka,TRUE,op_npaop,1000,
236,bezpeka,TRUE,op_npaop,1000,
237,bezpeka,TRUE,op_npaop,1000,
238,bezpeka,TRUE,op_npaop,1000,
239,bezpeka,TRUE,op_npaop,1000,
240,bezpeka,TRUE,op_npaop,1000,
241,bezpeka,TRUE,op_npaop,1000,
242,bezpeka,TRUE,op_npaop,1000,
243,bezpeka,TRUE,op_npaop,1000,
244,bezpeka,TRUE,op_npaop,1000,
245,bezpeka,TRUE,op_npaop,1000,
246,bezpeka,TRUE,op_npaop,1000,
247,bezpeka,TRUE,op_npaop,1000,
248,bezpeka,TRUE,op_npaop,1000,
249,bezpeka,TRUE,op_npaop,1000,
250,bezpeka,TRUE,op_npaop,1000,
251,bezpeka,TRUE,op_npaop,1000,
252,bezpeka,TRUE,op_npaop,1000,
253,bezpeka,TRUE,op_npaop,1000,
254,bezpeka,TRUE,op_npaop,1000,
255,bezpeka,TRUE,op_npaop,1000,
256,bezpeka,TRUE,op_npaop,1000,
257,bezpeka,TRUE,op_npaop,1000,
258,bezpeka,TRUE,op_npaop,1000,
259,bezpeka,TRUE,op_npaop,1000,
260,bezpeka,TRUE,op_npaop,1000,
261,bezpeka,TRUE,op_npaop,1000,
262,bezpeka,TRUE,op_npaop,1000,
263,bezpeka,TRUE,op_npaop,1000,
264,bezpeka,TRUE,op_npaop,1000,
265,bezpeka,TRUE,op_npaop,1000,
266,bezpeka,TRUE,op_npaop,1000,
267,bezpeka,TRUE,op_npaop,1000,
268,bezpeka,TRUE,op_npaop,1000,
269,bezpeka,TRUE,op_npaop,1000,
270,bezpeka,TRUE,op_npaop,1000,
271,bezpeka,TRUE,op_npaop,1000,
272,bezpeka,TRUE,op_npaop,1000,
273,bezpeka,TRUE,op_npaop,1000,
274,bezpeka,TRUE,op_npaop,1000,
275,bezpeka,TRUE,op_npaop,1000,
276,bezpeka,TRUE,op_npaop,1000,
277,bezpeka,TRUE,op_npaop,1000,
278,bezpeka,TRUE,op_npaop,1000,
279,bezpeka,TRUE,op_npaop,1000,
280,bezpeka,TRUE,op_npaop,1000,
281,bezpeka,TRUE,op_npaop,1000,
282,bezpeka,TRUE,op_npaop,1000,
283,bezpeka,TRUE,op_npaop,1000,
