alias_rule_id,canonical_rule_id,note
70,69,merged by НПАОП code overlap; centers: vector
96,7,merged by НПАОП code overlap; centers: bezpeka
98,69,merged by НПАОП code overlap; centers: bezpeka
100,8,merged by НПАОП code overlap; centers: bezpeka
102,5,merged by НПАОП code overlap; centers: bezpeka
103,23,merged by НПАОП code overlap; centers: bezpeka
104,11,merged by НПАОП code overlap; centers: bezpeka
107,36,merged by НПАОП code overlap; centers: bezpeka
109,58,merged by НПАОП code overlap; centers: bezpeka
110,15,merged by НПАОП code overlap; centers: bezpeka
112,3,merged by НПАОП code overlap; centers: bezpeka
113,29,merged by НПАОП code overlap; centers: bezpeka
114,3,merged by НПАОП code overlap; centers: bezpeka
116,3,merged by НПАОП code overlap; centers: bezpeka
117,24,merged by НПАОП code overlap; centers: bezpeka
124,22,merged by НПАОП code overlap; centers: bezpeka
127,4,merged by НПАОП code overlap; centers: bezpeka
128,1,merged by НПАОП code overlap; centers: bezpeka
129,1,merged by НПАОП code overlap; centers: bezpeka
130,6,merged by НПАОП code overlap; centers: bezpeka
131,2,merged by НПАОП code overlap; centers: bezpeka
132,33,merged by НПАОП code overlap; centers: bezpeka
134,58,merged by НПАОП code overlap; centers: bezpeka
135,41,merged by НПАОП code overlap; centers: bezpeka
138,13,merged by НПАОП code overlap; centers: bezpeka
141,26,merged by НПАОП code overlap; centers: bezpeka
142,43,merged by НПАОП code overlap; centers: bezpeka
143,9,merged by НПАОП code overlap; centers: bezpeka
144,59,merged by НПАОП code overlap; centers: bezpeka
147,47,merged by НПАОП code overlap; centers: bezpeka
148,31,merged by НПАОП code overlap; centers: bezpeka
149,21,merged by НПАОП code overlap; centers: bezpeka
150,18,merged by НПАОП code overlap; centers: bezpeka
151,25,merged by НПАОП code overlap; centers: bezpeka
153,39,merged by НПАОП code overlap; centers: bezpeka
155,20,merged by НПАОП code overlap; centers: bezpeka
156,30,merged by НПАОП code overlap; centers: bezpeka
158,17,merged by НПАОП code overlap; centers: bezpeka
159,10,merged by НПАОП code overlap; centers: bezpeka
162,32,merged by НПАОП code overlap; centers: bezpeka
163,40,merged by НПАОП code overlap; centers: bezpeka
165,44,merged by НПАОП code overlap; centers: bezpeka
167,8,merged by НПАОП code overlap; centers: bezpeka
171,12,merged by НПАОП code overlap; centers: bezpeka
172,42,merged by НПАОП code overlap; centers: bezpeka
173,34,merged by НПАОП code overlap; centers: bezpeka
174,45,merged by НПАОП code overlap; centers: bezpeka
179,19,merged by НПАОП code overlap; centers: bezpeka
183,57,merged by НПАОП code overlap; centers: bezpeka
184,23,merged by НПАОП code overlap; centers: bezpeka
186,64,merged by НПАОП code overlap; centers: bezpeka
187,41,merged by НПАОП code overlap; centers: bezpeka
193,69,merged by НПАОП code overlap; centers: bezpeka
195,8,merged by НПАОП code overlap; centers: bezpeka
196,69,merged by НПАОП code overlap; centers: bezpeka
198,43,merged by НПАОП code overlap; centers: bezpeka
199,8,merged by НПАОП code overlap; centers: bezpeka
200,23,merged by НПАОП code overlap; centers: bezpeka
201,5,merged by НПАОП code overlap; centers: bezpeka
202,5,merged by НПАОП code overlap; centers: bezpeka
203,5,merged by НПАОП code overlap; centers: bezpeka
204,5,merged by НПАОП code overlap; centers: bezpeka
206,11,merged by НПАОП code overlap; centers: bezpeka
207,31,merged by НПАОП code overlap; centers: bezpeka
208,5,merged by НПАОП code overlap; centers: bezpeka
210,58,merged by НПАОП code overlap; centers: bezpeka
211,26,merged by НПАОП code overlap; centers: bezpeka
212,9,merged by НПАОП code overlap; centers: bezpeka
214,24,merged by НПАОП code overlap; centers: bezpeka
215,3,merged by НПАОП code overlap; centers: bezpeka
216,5,merged by НПАОП code overlap; centers: bezpeka
217,3,merged by НПАОП code overlap; centers: bezpeka
218,2,merged by НПАОП code overlap; centers: bezpeka
219,4,merged by НПАОП code overlap; centers: bezpeka
220,1,merged by НПАОП code overlap; centers: bezpeka
221,1,merged by НПАОП code overlap; centers: bezpeka
222,1,merged by НПАОП code overlap; centers: bezpeka
223,1,merged by НПАОП code overlap; centers: bezpeka
224,6,merged by НПАОП code overlap; centers: bezpeka
230,22,merged by НПАОП code overlap; centers: bezpeka
232,58,merged by НПАОП code overlap; centers: bezpeka
233,41,merged by НПАОП code overlap; centers: bezpeka
234,3,merged by НПАОП code overlap; centers: bezpeka
238,5,merged by НПАОП code overlap; centers: bezpeka
239,5,merged by НПАОП code overlap; centers: bezpeka
245,11,merged by НПАОП code overlap; centers: bezpeka
246,15,merged by НПАОП code overlap; centers: bezpeka
249,36,merged by НПАОП code overlap; centers: bezpeka
251,9,merged by НПАОП code overlap; centers: bezpeka
253,47,merged by НПАОП code overlap; centers: bezpeka
257,17,merged by НПАОП code overlap; centers: bezpeka
259,8,merged by НПАОП code overlap; centers: bezpeka
260,40,merged by НПАОП code overlap; centers: bezpeka
261,10,merged by НПАОП code overlap; centers: bezpeka
262,13,merged by НПАОП code overlap; centers: bezpeka
263,40,merged by НПАОП code overlap; centers: bezpeka
264,32,merged by НПАОП code overlap; centers: bezpeka
265,44,merged by НПАОП code overlap; centers: bezpeka
266,4,merged by НПАОП code overlap; centers: bezpeka
267,37,merged by НПАОП code overlap; centers: bezpeka
269,52,merged by НПАОП code overlap; centers: bezpeka
270,18,merged by НПАОП code overlap; centers: bezpeka
271,12,merged by НПАОП code overlap; centers: bezpeka
274,34,merged by НПАОП code overlap; centers: bezpeka
275,41,merged by НПАОП code overlap; centers: bezpeka
280,19,merged by НПАОП code overlap; centers: bezpeka
281,20,merged by НПАОП code overlap; centers: bezpeka
