rule_id,full_name,short_label,npaop_code
1,"Правила охорони праці під час експлуатації вантажопідіймальних кранів, підіймальних пристроїв і відповідного обладнання",Правила охорони праці під час…,НПАОП 0.00-1.80-18
2,Правила будови і безпечної експлуатації ліфтів,Правила будови і безпечної експлуатації…,НПАОП 0.00-1.02-08
3,"Правила охорони праці під час експлуатації обладнання, що працює під тиском",Правила охорони праці під час…,НПАОП 0.00-1.81-18
4,Правила охорони праці під час виконання робіт на висоті,Правила охорони праці під час виконання…,НПАОП 0.00-1.15-07
5,Правила безпеки систем газопостачання,Правила безпеки систем газопостачання,НПАОП 0.00-1.76-15
6,Правила охорони праці під час експлуатації навантажувачів,Правила охорони праці під час…,НПАОП 0.00-1.83-18
7,Загальний курс з питань охорони праці,Загальний курс з питань охорони праці,НПАОП 0.00-4.12-05
8,Правила охорони праці під час роботи з інструментом та пристроями,Правила охорони праці під час роботи з…,НПАОП 0.00-1.71-13
9,Правила охорони праці на автомобільному транспорті,Правила охорони праці на автомобільному…,НПАОП 0.00-1.62-12
10,Правила охорони праці під час вантажно-розвантажувальних робіт,Правила охорони праці під час…,НПАОП 0.00-1.75-15
11,Типова інструкція з організації безпечного ведення газонебезпечних робіт,Типова інструкція з організації…,НПАОП 0.00-5.11-85
12,"Експлуатація тепломеханічного обладнання електростанцій, теплових мереж і тепловикористовувальних установок",Експлуатація тепломеханічного…,НПАОП 0.00-1.69-13
13,Система стандартів безпеки праці. Охорона праці і промислова безпека у будівництві (ДБН А.3.2.-2-2009),Система стандартів безпеки праці.…,НПАОП 45.2-7.02-12
14,Інструкція з організації безпечного ведення вогневих робіт на вибухопожежонебезпечних та вибухонебезпечних об'єктах,Інструкція з організації безпечного…,НПАОП 00.0-5.12-01
15,Правила з безпечної експлуатації систем вентиляції у хімічних виробництвах,Правила з безпечної експлуатації систем…,НПАОП 0.00-1.27-09
16,Правила охорони праці для підприємств та організацій поліграфічної промисловості,Правила охорони праці для підприємств…,НПАОП 22.1-1.02-07
17,Правила охорони праці в деревообробній промисловості,Правила охорони праці в деревообробній…,НПАОП 20.0-1.02-05
18,Правила техніки безпеки при експлуатації систем водопостачання та водовідведення населених міст,Правила техніки безпеки при…,НПАОП 41.0-1.01-79
19,Правила безпечної експлуатації магістральних газопроводів,Правила безпечної експлуатації…,НПАОП 60.3-1.01-10
20,Вимоги до роботодавців стосовно забезпечення безпечного виконання робіт у потенційно вибухонебезпечних середовищах,Вимоги до роботодавців стосовно…,НПАОП 0.00-7.12-13
21,Вимоги до роботодавців щодо захисту працівників від шкідливого впливу хімічних речовин,Вимоги до роботодавців щодо захисту…,НПАОП 0.00-8.11-12
22,Правила будови і безпечної есплуатації ескалаторів,Правила будови і безпечної есплуатації…,НПАОП 0.00-1.06-77
23,Правил охорони праці під час зварювання металів,Правил охорони праці під час зварювання…,НПАОП 28.52-1.31-13
24,Правила безпеки при виробництві та споживанні продуктів розділення повітря,Правила безпеки при виробництві та…,НПАОП 0.00-1.65-88
25,Загальні вимоги стосовно забезпечення роботодавцями охорони праці працівників,Загальні вимоги стосовно забезпечення…,НПАОП 0.00-7.11-12
26,Правила безпечної експлуатації та обслуговування обладнання автомобільних газонаповнювальних компресорних станцій (АГНКС),Правила безпечної експлуатації та…,НПАОП 63.2-1.06-02
27,Правила охорони праці під час виконання навантажувально-розвантажувальних робіт на залізничному транспорті,Правила охорони праці під час виконання…,НПАОП 63.21-1.22-07
28,Правила охорони праці для працівників лісового господарства та лісової промисловості,Правила охорони праці для працівників…,НПАОП 02.0-1.04-05
29,Вимоги щодо безпеки та захисту здоров'я працівників під час роботи з екранними пристроям,Вимоги щодо безпеки та захисту здоров'я…,НПАОП 0.00-7.15-18
30,Правила охорони праці та безпечної експлуатації технологічних трубопроводів,Правила охорони праці та безпечної…,НПАОП 0.00-1.73-14
31,Правила охорони праці під час роботи в хімічних лабораторіях,Правила охорони праці під час роботи в…,НПАОП 73.1-1.11-12
32,Правила охорони праці у ливарному виробництві,Правила охорони праці у ливарному…,НПАОП 27.5-1.46-14
33,Правила будови і безпечної експлуатації фреонових холодильних установок,Правила будови і безпечної експлуатації…,НПАОП 0.00-1.51-88
34,Правила охорони праці для підприємств громадського харчування,Правила охорони праці для підприємств…,НПАОП 55.0-1.02-96
35,"Правила охорони праці під час дроблення і сортування, збагачення корисних копалин і огрудкування руд та концентратів",Правила охорони праці під час дроблення…,НПАОП 0.00-1.82-18
36,Правила охорони праці під час холодного оброблення металів,Правила охорони праці під час холодного…,НПАОП 0.00-1.68-13
37,Вимоги безпеки та захисту здоров'я під час використання виробничого обладнання працівниками,Вимоги безпеки та захисту здоров'я під…,НПАОП 0.00-7.14-17
38,ДБН Газопостачання (ДБН В.2.5-20:2018),ДБН Газопостачання (ДБН В.2.5-20:2018),
39,Правила вибору та застосування засобів індивідуального захисту органів дихання,Правила вибору та застосування засобів…,НПАОП 0.00-1.04-07
40,"Правила охорони праці для працівників, зайнятих на роботах зі зберігання та переробки зерна","Правила охорони праці для працівників,…",НПАОП 15.0-1.01-17
41,Правила охорони праці у сільськогосподарському виробництві,Правила охорони праці у…,НПАОП 01.0-1.02-18
42,Мінімальні вимоги з охорони праці на тимчасових або мобільних будівельних майданчиках,Мінімальні вимоги з охорони праці на…,НПАОП 45.2-7.03-17
43,Правила охорони праці під час ковальсько-пресових робіт,Правила охорони праці під час…,НПАОП 28.0-1.33-13
44,"Правила безпеки для виробництва хліба, хлібобулочних та макаронних виробів","Правила безпеки для виробництва хліба,…",НПАОП 15.8-1.27-02
45,Правила з охорони праці у целюлозно-паперовій промисловості,Правила з охорони праці у…,НПАОП 21.0-1.01-87
46,Правила з охорони праці під час експлуатації великовантажних автомобілів та інших технологічних транспортних засобів під час розробки рудних і нерудних копалин відкритим способом,Правила з охорони праці під час…,НПАОП 0.00-1.72-14
47,Правила  охорони праці під час фарбувальних робіт,Правила  охорони праці під час…,НПАОП 28.0-1.32-13
48,Правила охорони праці для працівників бетонних і залізобетонних заводів,Правила охорони праці для працівників…,НПАОП 26.6-1.02-00
49,Правила будови та безпечної експлуатації аміачних холодильних установок,Правила будови та безпечної…,НПАОП 29.23-1.04-90
50,Правила безпечної експлуатації житлових і громадських будівель,Правила безпечної експлуатації житлових…,НПАОП 45.21-1.04-79
51,"Правила технічної експлуатації і охорони праці на стаціонарних, контейнерних пересувних автозаправних станцій",Правила технічної експлуатації і…,Наказ №19 від 01.04.1998
52,Правила охорони праці на підприємствах з виробництвах пластмасових виробів,Правила охорони праці на підприємствах…,НПАОП 25.0-1.04-13
53,Правила безпечного застосування рідкого аміаку в сільському господарстві,Правила безпечного застосування рідкого…,НПАОП 01.41-1.08-82
54,Правила безпеки при зберіганні перевезенні та застосуванні сильнодіючих отруйних речовин,Правила безпеки при зберіганні…,НПАОП 0.00-1.46-70
55,Правила охорони праці для нафтохімічних підприємств,Правила охорони праці для нафтохімічних…,НПАОП 0.00-1.19-08
56,Правила охорони праці для виробництва солоду пива та безалкогольних напоїв,Правила охорони праці для виробництва…,НПАОП 15.9-1.28-17
57,Правила охорони праці для об’єктів роздрібної торгівлі,Правила охорони праці для об’єктів…,НПАОП 52.0-1.01-96
58,"Загальні правила вибухобезпеки для вибухопожежонебезпечних хімічних, нафтохімічних і нафтопереробних виробництв",Загальні правила вибухобезпеки для…,НПАОП 0.00-1.41-88
59,Правила безпеки при виробництві олії методом пресування та екстракції,Правила безпеки при виробництві олії…,НПАОП 15.4-1.10-92
60,"Правила користування тепловою енергією, Правила підготовки теплових господарств до опалювального періоду, Правила технічної експлуатації теплових установок і мереж","Правила користування тепловою енергією,…",
61,Правила технічної експлуатації та охорони праці на нафтобазах,Правила технічної експлуатації та…,Наказ від 01.04.1998 №19
62,Правила охорони праці під час розробки родовищ корисних копалин відкритим способом,Правила охорони праці під час розробки…,НПАОП 0.00-1.24-10
63,Правила виконання маркшейдерських робіт під час розробки родовищ рудних та нерудних корисних копалин,Правила виконання маркшейдерських робіт…,НПАОП 74.2-1.07-21
64,Правила безпеки при геологорозвідувальних роботах,Правила безпеки при…,НПАОП 74.2-1.02-90
65,Правила охорони праці під час експлуатації магістральних трубопроводів для транспортування рідкого аміаку згідно вимог,Правила охорони праці під час…,НПАОП 24.0-1.19-05
66,Навчання посадових осіб з питань пожежної безпеки,Навчання посадових осіб з питань…,
67,Навчання та перевірка знань з пожежно-технічного мінімуму,Навчання та перевірка знань з…,
68,Навчання посадових осіб з цивільного захисту,Навчання посадових осіб з цивільного…,
69,Навчання з електробезпеки,Навчання з електробезпеки,"НПАОП 40.1-1.21-98,
НПАОП 40.1-1.01-97,
НПАОП 40.1-1.32-01,
НПАОП 40.1-1.07-01"
70,Навчання з електробезпеки (V група),Навчання з електробезпеки (V група),"НПАОП 40.1-1.21-98,
НПАОП 40.1-1.01-97,
НПАОП 40.1-1.32-01,
НПАОП 40.1-1.07-01"
71,Електрогазозварник,Електрогазозварник,
72,Газорізальник,Газорізальник,
73,Водій навантажувача річтрак,Водій навантажувача річтрак,
74,Водій навантажувача (дистанційно),Водій навантажувача (дистанційно),
75,Стропальник,Стропальник,
76,Слюсар з контрольно-вимірювальних приладів та автоматики (електромеханіка),Слюсар з контрольно-вимірювальних…,
77,Слюсар з експлуатації та ремонту газового устаткування,Слюсар з експлуатації та ремонту…,
78,Оператор котельні,Оператор котельні,
79,Оператор заправних станцій,Оператор заправних станцій,
80,Налагоджувальник контрольно-вимірювальних приладів та автоматики,Налагоджувальник…,
81,Муляр,Муляр,
82,"Монтажник систем вентиляції, кондиціонування повітря, пневмотранспорту й аспірації","Монтажник систем вентиляції,…",
83,Монтажник санітарно-технічних систем і устаткування,Монтажник санітарно-технічних систем і…,
84,Монтажник з монтажу сталевих та залізобетонних конструкцій,Монтажник з монтажу сталевих та…,
85,Машиніст холодильних установок,Машиніст холодильних установок,
86,Машиніст крана автомобільного,Машиніст крана автомобільного,
87,Машиніст крана (кранівник),Машиніст крана (кранівник),
88,"Машиніст автовишки, автогідропідіймача","Машиніст автовишки, автогідропідіймача",
89,Електромонтер РОЕУ,Електромонтер РОЕУ,
90,Верстатник широкого профілю,Верстатник широкого профілю,
91,Бетоняр,Бетоняр,
92,Електрогазозварник (практичне навчання),Електрогазозварник (практичне навчання),
93,Водій навантажувача річтрак (практичне навчання),Водій навантажувача річтрак (практичне…,
94,Водій навантажувача (практичне навчання),Водій навантажувача (практичне навчання),
95,Слюсар з контрольно-вимірювальних приладів та автоматики (електромеханіка,Слюсар з контрольно-вимірювальних…,
96,"Навчання з питань охорони праці посадових осіб і спеціалістів у відповідності до Типової програми ""Типового положення про порядок проведення навчання і перевірки знань з питань охорони праці"" (НПАОП 0.00-4.12-05)",Навчання з питань охорони праці…,1001
97,"Навчання з питань пожежної безпеки посадових осіб підприємств, установ та організацій",Навчання з питань пожежної безпеки…,1002
98,"Спеціальне навчання працівників, посадових осіб та спеціалістів за ""Правилами безпечної експлуатації електроустановок споживачів""  (НПАОП 40.1-1.21-98), «Правилами експлуатації електрозахисних засобів» та «Правилами будови електроустановок. Електрообладнання спеціальних установок»","Спеціальне навчання працівників,…",1003
99,"Спеціальне навчання працівників, посадових осіб та спеціалістів за ""Правилами технічної експлуатації електроустановок споживачів"" (наказ Мінпаливенерго від 25.07.2006 № 258, у редакції наказу Міненерговугілля від 13.02.2012 № 91.","Спеціальне навчання працівників,…",1004
100,"Навчання посадових осіб та спеціалістів за ""Правилами охорони праці під час роботи з інструментом та пристроями"" (НПАОП 0.00-1.71-13)",Навчання посадових осіб та спеціалістів…,1005
101,"Навчання персоналу за ""Правилами технічної експлуатації теплових установок і мереж"" (наказ Мінпаливенерго від 14.02.2007 № 71) та ""Правилами підготовки теплових господарств до опалювального періоду"" (наказ Мінпаливенерго України, Мінжитлокомунгосп від 10.12.2008 № 620/378)","Навчання персоналу за ""Правилами…",1006
102,"Навчання посадових осіб та спеціалістів за ""Правилами безпеки систем газопостачання"" (НПАОП 0.00-1.76-15) та ""Газопостачання"" (ДБН В.2.5‑20:2018)",Навчання посадових осіб та спеціалістів…,1007
103,"Навчання посадових осіб та спеціалістів за ""Правилами охорони праці під час зварювання металів"" (НПАОП 28.52-1.31-13)",Навчання посадових осіб та спеціалістів…,1008
104,"Навчання посадових осіб та спеціалістів за ""Типовою інструкцією з організації безпечного ведення газонебезпечних робіт"" (НПАОП 0.00-5.11-85).",Навчання посадових осіб та спеціалістів…,1009
105,"Навчання посадових осіб та спеціалістів, відповідальних за організацію безпечного проведення газонебезпечних робіт з використанням газозахисних апаратів, за ""Правилами охорони праці у газовому господарстві підприємств чорної металургії"" (НПАОП 27.1-1.09-09)",Навчання посадових осіб та…,1010
106,"Навчання посадових осіб та спеціалістів   за ""Правилами безпеки праці під час виконання робіт у колійному господарстві"" (НПАОП 63.21-1.25-07)",Навчання посадових осіб та спеціалістів…,1011
107,"Навчання посадових осіб та спеціалістів за  ""Правилами охорони праці під час холодного оброблення металів"" (НПАОП 0.00-1.68-13)",Навчання посадових осіб та спеціалістів…,1012
108,"Навчання посадових осіб та спеціалістів за ""Правилами безпеки в газовому господарстві коксохімічних підприємств і виробництв"" (НПАОП 27.1-1.10-07)",Навчання посадових осіб та спеціалістів…,1013
109,"Навчання посадових осіб та спеціалістів за  ""Загальними правилами вибухобезпеки для вибухопожежонебезпечних хімічних, нафтохімічних і нафтопереробних виробництв"" (НПАОП 0.00-1.41-88), ""Правилами технічної експлуатації та охорони праці на стаціонарних, контейнерних і пересувних автозаправних станціях"" та ""Правилами роздрібної торгівлі нафтопродуктами""",Навчання посадових осіб та спеціалістів…,1014
110,"Навчання посадових осіб та спеціалістів за ""Правилами з безпечної експлуатації систем вентиляції у хімічних виробництвах""  (НПАОП 0.00-1.27-09)",Навчання посадових осіб та спеціалістів…,1015
111,"Навчання посадових осіб та спеціалістів за ""Правилами охорони праці у газовому господарстві  підприємств чорної металургії "" (НПАОП 27.1-1.09-09)",Навчання посадових осіб та спеціалістів…,1016
112,"Навчання посадових осіб та спеціалістів, обов’язки яких пов’язані з утриманням в  справному  стані, безпечною  експлуатацією, монтажем, демонтажем, налагодженням, технічним обслуговуванням, ремонтом, технічним оглядом, модифікацією опалювальних, парових, водогрійних котлів та бойлерів за ""Правилами охорони праці під час експлуатації обладнання, що працює під тиском"" (НПАОП 0.00-1.81-18)",Навчання посадових осіб та…,1017
113,навчання посадових осіб та спеціалістів за «Вимогами щодо безпеки та захисту здоров'я працівників під час роботи з екранними пристроями» (НПАОП 0.00-7.15-18),навчання посадових осіб та спеціалістів…,1018
114,"Навчання посадових осіб та спеціалістів, обов’язки яких пов’язані з утриманням в  справному  стані, безпечною  експлуатацією, монтажем, демонтажем, налагодженням, технічним обслуговуванням, ремонтом, технічним оглядом, модифікацією посудин, що працюють під тиском за ""Правилами охорони праці під час експлуатації обладнання, що працює під тиском"" (НПАОП 0.00-1.81-18)",Навчання посадових осіб та…,1019
115,"Навчання посадових осіб та спеціалістів за ""Правилами охорони праці при виробництві, зберіганні, транспортуванні та застосуванні хлору""(НПАОП 0.00-1.23-10)",Навчання посадових осіб та спеціалістів…,1020
116,"Навчання посадових осіб та спеціалістів, обов’язки яких пов’язані з утриманням в  справному  стані, безпечною  експлуатацією, монтажем, демонтажем, налагодженням, технічним обслуговуванням, ремонтом, технічним оглядом, модифікацією трубопроводів пари та гарячої води за ""Правилами охорони праці під час експлуатації обладнання, що працює під тиском"" (НПАОП 0.00-1.81-18)",Навчання посадових осіб та…,1021
117,"Навчання посадових осіб та спеціалістів за ""Правилами безпеки при вироб-ництві та споживанні продуктів розділення повітря"" (НПАОП 0.00-1.65-88)",Навчання посадових осіб та спеціалістів…,1022
118,"Навчання посадових осіб та спеціалістів за ""Мінімальними вимогами щодо безпеки та здоров’я на роботі в металургійній промисловості"" (НПАОП 27.0-7.04-21)",Навчання посадових осіб та спеціалістів…,1023
119,"Навчання посадових осіб та спеціалістів за ""Правилами безпеки в коксохімічному виробництві"" (НПАОП 23.1-1.01-08)",Навчання посадових осіб та спеціалістів…,1024
120,"Навчання посадових осіб та спеціалістів за ""Правилами охорони праці у феросплавному виробництві"" (НПАОП 27.35-1.01-09)",Навчання посадових осіб та спеціалістів…,1025
121,"Навчання посадових осіб і спеціалістів за ""Правилами охорони праці під час виробництва алюмінію"" (НПАОП 27.4-1.44-15)",Навчання посадових осіб і спеціалістів…,1026
122,"Навчання посадових осіб та спеціалістів за ""Правилами охорони праці під час ремонту устаткування на підприємствах чорної металургії""(НПАОП 27.1-1.06-08)",Навчання посадових осіб та спеціалістів…,1027
123,"Навчання посадових осіб та спеціалістів за ""Положенням щодо застосування нарядів-допусків на виконання робіт підвищеної небезпеки в металургійній промисловості та залізорудних гірничо-збагачувальних комбінатах"" НПАОП 27.0-4.03-19",Навчання посадових осіб та спеціалістів…,1028
124,"Навчання посадових осіб і спеціалістів за ""Правилами будови і безпечної експлуатації ескалаторів""  (НПАОП 0.00-1.06-77)",Навчання посадових осіб і спеціалістів…,1029
125,"Навчання посадових осіб та спеціалістів за ""Правилами будови і безпечної експлуатації аміачних холодильних установок"" (НПАОП 29.23‑1.04-90)",Навчання посадових осіб та спеціалістів…,1030
126,"Навчання посадових осіб і спеціалістів за ""Правилами охорони праці під час експлуатації електроустаткування та електромереж на відкритих гірничих роботах"" (НПАОП 0.00-1.58-12)",Навчання посадових осіб і спеціалістів…,1031
127,"Навчання посадових осіб та спеціалістів за ""Правилами охорони праці під час виконання робіт на висоті"" (НПАОП 0.00-1.15-07)",Навчання посадових осіб та спеціалістів…,1032
128,"навчання посадових осіб та спеціалістів, обов'язки яких пов’язані з керівництвом і контролем  виконання робіт, утриманням в справному технічному стані і безпечною експлуатацією  вантажопідіймальних кранів, машин та їх обладнання  за ""Правилами охорони праці під час експлуатації вантажопідіймальних кранів, підіймальних пристроїв і відповідного обладнання"" (НПАОП 0.00-1.80-18)",навчання посадових осіб та…,1033
129,"Навчання посадових осіб та спеціалістів, обов'язки яких пов’язані з керівництвом та контролем  виконання робіт, утриманням в справному технічному стані, безпечною експлуатацію  підйомників  та їх обладнання   за ""Правилами охорони праці під час експлуатації вантажопідіймальних кранів, підіймальних пристроїв і відповідного обладнання"" (НПАОП 0.00-1.80-18)",Навчання посадових осіб та…,1034
130,"Навчання посадових осіб та спеціалістів за ""Правилами охорони праці під час експлуатації навантажувачів"" (НПАОП 0.00-1.83-18)",Навчання посадових осіб та спеціалістів…,1035
131,"Навчання посадових осіб та спеціалістів за ""Правилами будови і безпечної експлуатації ліфтів"" (НПАОП 0.00-1.02-08)",Навчання посадових осіб та спеціалістів…,1036
132,"Навчання посадових осіб та спеціалістів за ""Правилами будови і безпечної експлуатації фреонових холодильних установок"" (НПАОП 0.00-1.51-88) .",Навчання посадових осіб та спеціалістів…,1037
133,"Навчання посадових осіб та спеціалістів за ""Правилами будови і безпечної експлуатації атракціонної техніки"" (НПАОП 92.7-1.01-06)",Навчання посадових осіб та спеціалістів…,1038
134,"Навчання посадових осіб та спеціалістів за ""Загальними правилами вибухобезпеки для вибухопожежонебезпечних хімічних, нафтохімічних і нафтопереробних виробництв"" (НПАОП 0.00-1.41-88)",Навчання посадових осіб та спеціалістів…,1039
135,"Навчання посадових осіб, відповідальних за організацію виконання робіт, пов’язані зі зберіганням, транспортуванням, застосуванням і торгівлею агрохімікатами, пестицидами  за ""Правилами охорони праці у сільськогосподарському виробництві"" (НПАОП 01.0-1.02-18)","Навчання посадових осіб, відповідальних…",1040
136,"Навчання посадових осіб та спеціалістів за ""Правилами обстежень, оцінки технічного стану та паспортизації виробничих будівель і споруд""  та ""Положення про безпечну та надійну експлуатацію виробничих будівель і споруд""",Навчання посадових осіб та спеціалістів…,1041
137,"Навчання посадових осіб та спеціалістів за ""Правилами безпеки під час реконструкції будівель і споруд промислових підприємств"" (НПАОП 45.2-1.12-01)",Навчання посадових осіб та спеціалістів…,1042
138,"Навчання посадових осіб та спеціалістів за ""Державними будівельними нормами України ""Система стандартів безпеки праці. Охорона праці і промислова безпека у будівництві"" (НПАОП 45.2-7.02-12)",Навчання посадових осіб та спеціалістів…,1043
139,"Навчання посадових осіб та спеціалістів за ""Правилами охорони праці при експлуатації пралень та лазень"" (НПАОП 93.0-1.06-97)",Навчання посадових осіб та спеціалістів…,1044
140,"Навчання посадових осіб та спеціалістів за  ""Правилами охорони праці під час роботи з абразивним інструментом"" (НПАОП 28.0-1.30-12)",Навчання посадових осіб та спеціалістів…,1045
141,"Навчання посадових осіб та спеціалістів за ""Правилами безпечної експлуатації і обслуговування обладнання автомобільних газонаповнювальних компресорних станцій"" (АГНКС) (НПАОП 63.2-1.06-02)",Навчання посадових осіб та спеціалістів…,1046
142,"Навчання посадових осіб та спеціалістів за  ""Правилами охорони праці під час ковальсько-пресових робіт"" (НПАОП 28.0-1.33-13)",Навчання посадових осіб та спеціалістів…,1047
143,"Навчання посадових осіб та спеціалістів за ""Правилами охорони праці на автомобільному транспорті"" (НПАОП 0.00-1.62-12)",Навчання посадових осіб та спеціалістів…,1048
144,"Навчання посадових осіб та спеціалістів   за ""Правилами безпеки у виробництві олії методом пресування та екстракції"" (НПАОП 15.4-1.10-92)",Навчання посадових осіб та спеціалістів…,1049
145,"Навчання посадових осіб та спеціалістів за ""Правилами улаштування та експлуатації загальнопромислових вогнеперепинувачів""(НПАОП 0.00-1.25-10)",Навчання посадових осіб та спеціалістів…,1050
146,"Навчання посадових осіб та спеціалістів за ""Правилами охорони праці під час газоелектричного, контактного, кисневого та плазмового різання металів (НПАОП 28.0-1.35-14)",Навчання посадових осіб та спеціалістів…,1052
147,"Навчання посадових осіб та спеціалістів за ""Правилами охорони праці під час фарбувальних робіт"" (НПАОП 28.0-1.32-13)",Навчання посадових осіб та спеціалістів…,1053
148,"Навчання посадових осіб та спеціалістів за ""Правилами охорони праці  під час роботи в хімічних лабораторіях"" (НПАОП 73.1-1.11-12)",Навчання посадових осіб та спеціалістів…,1054
149,"Навчання посадових осіб та спеціалістів за ""Вимогами до роботодавців щодо захисту працівників від шкідливого впливу хімічних речовин"" (НПАОП 0.00-8.11-12)",Навчання посадових осіб та спеціалістів…,1055
150,"Навчання посадових осіб та спеціалістів за ""Правилами техніки безпеки при експлуатації систем водопостачання та водовідведення населених місць"" (НПАОП 41.0-1.01-79)",Навчання посадових осіб та спеціалістів…,1056
151,"Навчання посадових осіб та спеціалістів за Правилами ""Загальні вимоги стосовно забезпечення роботодавцями охорони праці працівників""  (НПАОП 0.00-7.11-12)",Навчання посадових осіб та спеціалістів…,1057
152,"Навчання посадових осіб та спеціалістів за"" Правилами  безпеки при  зберіганні, перевезенні та використанні сильнодіючих отруйних речовин"" (НПАОП 0.00-1.45-69)",Навчання посадових осіб та спеціалістів…,1058
153,"Навчання посадових осіб та спеціалістів за ""Правилами вибору та застосування засобів індивідуального захисту органів дихання"" (НПАОП 0.00-1.04-07)",Навчання посадових осіб та спеціалістів…,1059
154,"Навчання посадових осіб та спеціалістів за ""Правилами безпеки при заготівлі і переробці брухту та відходів чорних і кольорових металів"" (НПАОП 37.0-1.01-09)",Навчання посадових осіб та спеціалістів…,1061
155,"Навчання посадових осіб та спеціалістів за  ""Вимогами до роботодавців стосовно забезпечення безпечного виконання робіт у потенційно вибухонебезпечних середовищах"" (НПАОП 0.00-7.12-13)",Навчання посадових осіб та спеціалістів…,1062
156,"Навчання посадових осіб та спеціалістів за ""Правилами охорони праці та безпечної експлуатації технологічних трубопроводів"" (НПАОП 0.00-1.73-14)",Навчання посадових осіб та спеціалістів…,1063
157,"Навчання посадових осіб та спеціалістів за  ""Правилами  безпеки на залізничному транспорті підприємств системи Мінчормету СРСР"" (НПАОП 27.5-1.13-79) та ""Правилами технічної експлуатації міжгалузевого промислового залізничного транспорту України""",Навчання посадових осіб та спеціалістів…,1064
158,"Навчання посадових осіб та спеціалістів за ""Правилами охорони праці в деревообробній промисловості (НПАОП 20.0-1.02-05)",Навчання посадових осіб та спеціалістів…,1065
159,"Навчання посадових осіб та спеціалістів за ""Правилами охорони праці під час вантажно-розвантажувальних робіт""(НПАОП 0.00-1.75-15)",Навчання посадових осіб та спеціалістів…,1066
160,"Навчання посадових осіб та спеціалісті за ""Правилами безпеки для олійно-жирового виробництва""(НПАОП 15.4-1.06-97)",Навчання посадових осіб та спеціалісті…,1068
161,"Навчання посадових осіб та спеціалістів за ""Правилами охорони праці для підприємств по виробництву кабельної продукції""(НПАОП 28.7-1.01-07)",Навчання посадових осіб та спеціалістів…,1069
162,"Навчання посадових осіб та спеціалістів за ""Правилами охорони праці у  ливарному  виробництві"" (НПАОП 27.5-1.46-14)",Навчання посадових осіб та спеціалістів…,1070
163,"Навчання посадових осіб та спеціалістів   за ""Правилами охорони праці для працівників, зайнятих на роботах зі зберігання та переробки зерна"" (НПАОП 15.0-1.01-17)",Навчання посадових осіб та спеціалістів…,1071
164,"Навчання посадових осіб та спеціалістів за ""Правилами охорони праці у прокатному виробництві підприємств металургійного комплексу"" (НПАОП 27.1-1.04-09)",Навчання посадових осіб та спеціалістів…,1072
165,"Навчання посадових осіб та спеціалістів за ""Правилами  безпеки для виробництва хлібобулочних та макаронних виробів"" (НПАОП 15.8-1.27-02)",Навчання посадових осіб та спеціалістів…,1073
166,"Навчання посадових осіб та спеціалістів за ""Правилами охорони праці під час видалення дерев і пеньків у населених пунктах України"" (НПАОП 02.0-1.08-95)",Навчання посадових осіб та спеціалістів…,1074
167,"Навчання посадових осіб та спеціалістів відповідальних за організацію проведення газозварювальних робіт та випробування газорізальної апаратури за ""Правилами охорони праці під час роботи з інструментом та пристроями"" (НПАОП 0.00-1.71-13)",Навчання посадових осіб та спеціалістів…,1075
168,"Навчання посадових осіб та спеціалістів  за ""Правилами охорони праці при нанесенні металопокриттів"" (НПАОП 28.0-1.37-14)",Навчання посадових осіб та спеціалістів…,1076
169,"Навчання посадових осіб та спеціалістів за ""Правилами безпеки при експлуатації нафтогазопереробних заводів"" (НПАОП 23.2-1.10-73)",Навчання посадових осіб та спеціалістів…,1077
170,"Навчання посадових осіб та спеціалістів за ""Правилами з охорони праці на об’єктах з перероблення пластичних мас"" (НПАОП 25.0-1.01-12)",Навчання посадових осіб та спеціалістів…,1079
171,"Навчання посадових осіб та спеціалістів за  ""Правилами охорони праці під час експлуатації тепломеханічного обладнання електростанцій, теплових мереж і тепловикористовувальних установок""   (НПАОП 0.00-1.69-13)",Навчання посадових осіб та спеціалістів…,1080
172,"Навчання посадових осіб та спеціалістів згідно з ""Мінімальними вимогами  з охорони праці на тимчасових або мобільних будівельних майданчиках"" (НПАОП 45.2-7.03-17)",Навчання посадових осіб та спеціалістів…,1081
173,"Навчання посадових осіб та спеціалістів за ""Правилами охорони праці для підприємств громадського харчування"" (НПАОП 55.0-1.02-96)",Навчання посадових осіб та спеціалістів…,1082
174,"Навчання посадових осіб та спеціалістів  за ""Правилами з охорони праці в целюлозно - паперової промисловості"" (НПАОП 21.0-1.01-87)",Навчання посадових осіб та спеціалістів…,1084
175,"Навчання посадових осіб та спеціалістів за ""Правилами безпеки праці під час виконання вишукувальних руслових робіт"" (НПАОП 0.00-1.10-07).",Навчання посадових осіб та спеціалістів…,1085
176,"Навчання посадових осіб та спеціалістів за ""Правилами безпеки в нафтогазодобувній промисловості  (НПАОП 11.1-1.01-23)",Навчання посадових осіб та спеціалістів…,1086
177,"Навчання посадових осіб і спеціалістів за ""Правилами безпеки у вогнетривкому виробництві"" (НПАОП 26.26-1.08-97)",Навчання посадових осіб і спеціалістів…,1087
178,"Навчання посадових осіб і спеціалістів за ""Правилами безпеки під час експлуатації магістральних нафтопроводів"" (НПАОП 0.00-1.21-07)",Навчання посадових осіб і спеціалістів…,1088
179,"Навчання посадових осіб і спеціалістів за ""Правилами  безпечної експлуатації магістральних газопроводів"" (НПАОП 60.3-1.01-10)",Навчання посадових осіб і спеціалістів…,1089
180,"Навчання посадових осіб і спеціалістів за ""Правилами  техніки безпеки та промислової санітарії при експлуатації магістральних нафтопродуктопроводів"" (НПАОП 60.3-1.19-78)",Навчання посадових осіб і спеціалістів…,1090
181,"Навчання посадових осіб та спеціалістів за ""Правилами охорони праці під час роботи з полімерними композитними матеріалами"" (НПАОП 25.0-1.02-13)",Навчання посадових осіб та спеціалістів…,1091
182,"Навчання посадових осіб та спеціалістів за ""Інструкцією з організації безпечного ведення вогневих робіт на вибухопожежонебезпечних та вибухонебезпечних об'єктах"" (НПАОП 0.00-5.12-01)",Навчання посадових осіб та спеціалістів…,1092
183,"Навчання посадових осіб та спеціалістів за ""Правилами охорони праці для об’єктів роздрібної торгівлі"" (НПАОП 52.0-1.01-96).",Навчання посадових осіб та спеціалістів…,1093
184,"Навчання посадових осіб та спеціалістів за ""Правилами охорони праці під час паяльних робіт"" (НПАОП 28.52-1.31-13)",Навчання посадових осіб та спеціалістів…,1094
185,"Навчання посадових осіб та спеціалістів за ""Правилами безпеки при експлуатації каналів, трубопроводів, інших гідротехнічних споруд у водогосподарських системах"" (НПАОП 0.00-1.57-12)",Навчання посадових осіб та спеціалістів…,1095
186,"Навчання посадових осіб та спеціалістів за ""Правилами  безпеки при геологорозвідувальних роботах ( НПАОП 74.2-1.02-90)",Навчання посадових осіб та спеціалістів…,1096
187,"Навчання посадових осіб та спеціалістів за ""Правилами охорони праці у сільськогосподарському виробництві"" (НПАОП 01.0-1.02-18)",Навчання посадових осіб та спеціалістів…,1097
188,Навчання посадових осіб та спеціалістів за «Правилами охорони праці на підприємствах з виробництва шин та гумових виробів» (НПАОП 25.0-1.07-13),Навчання посадових осіб та спеціалістів…,1098
189,"Навчання посадових осіб та спеціалістів за «Правилами охорони праці під час будівництва, ремонту та утримання автомобільних доріг»(НПАОП 63.21-1.01-09)",Навчання посадових осіб та спеціалістів…,1099
190,Навчання посадових осіб та спеціалістів за «Правилами безпеки при експлуатації електротермічних установок підвищеної й високої частоти» (НПАОП 28.51-1.19-62).,Навчання посадових осіб та спеціалістів…,10100
191,Навчання за курсом  Надання домедичної допомоги особам при невідкладних станах (наказ МОЗ України №398 від 16.06.2014),Навчання за курсом  Надання домедичної…,2001
192,"Спеціальне навчання (пожежно-технічний мінімум) працівників, зайнятих на роботах з підвищеною пожежною небезпекою",Спеціальне навчання (пожежно-технічний…,2002
193,"Спеціальне навчання працівників, які виконують роботи у діючих електроустановках напругою до 220 кВ включно, відповідно до  ""Правил безпечної експлуатації електроустановок споживачів"" (НПАОП 40.1-1.21-98),  «Правил експлуатації електрозахисних засобів» та «Правил будови електроустановок. Електрообладнання спеціальних установок»","Спеціальне навчання працівників, які…",2003
194,"Спеціальне навчання працівників, які виконують роботи у діючих електроустановках напругою до 150 кВ включно, за ""Правилами технічної експлуатації електроустановок споживачів"" (наказ Мінпаливенерго від 25.07.2006 № 258, у редакції наказу Міненерговугілля від 13.02.2012 № 91)","Спеціальне навчання працівників, які…",2003/1
195,"Спеціальне навчання робітників, які виконують роботи  із застосуванням інструменту та пристроїв за ""Правилами охорони праці під час роботи з інструментом та пристроями"" (НПАОП 0.00-1.71-13)","Спеціальне навчання робітників, які…",2004
196,"Спеціальне навчання працівників, які  експлуатують електротехнічні частини виробничого обладнання, відповідно до  ""Правил безпечної експлуатації електроустановок споживачів"" (НПАОП 40.1-1.21-98), «Правил експлуатації електрозахисних засобів» та «Правил будови електроустановок. Електрообладнання спеціальних установок»","Спеціальне навчання працівників, які …",2005
197,"Спеціальне навчання працівників за ""Правилами технічної експлуатації електроустановок споживачів""(наказ Мінпаливенерго від 25.07.2006 № 258, у редакції наказу Міненерговугілля від 13.02.2012 № 91)",Спеціальне навчання працівників за…,2005/1
198,"Спеціальне навчання робітників, які виконують роботи  на ковальсько-пресовому устаткуванні за ""Правилами охорони праці під час ковальсько-пресових робіт"" (НПАОП 28.0-1.33-13)","Спеціальне навчання робітників, які…",2006
199,"Спеціальне навчання робітників, які виконують роботи на верстатах по обробці металів та деревини, за ""Правилами охорони праці під час роботи з інструментом та пристроями"" (НПАОП 0.00-1.71-13)","Спеціальне навчання робітників, які…",2007
200,"Спеціальне навчання робітників, які виконують електрозварювальні та газополум'яні роботи  за ""Правилами охорони праці під час зварювання металів"" (НПАОП 28.52-1.31-13) .","Спеціальне навчання робітників, які…",2008
201,"Спеціальне навчання робітників, які виконують газонебезпечні та аварійні роботи при технічному обслуговуванні газовикористовуючого обладнання, за ""Правилами безпеки систем газопостачання"" (НПАОП 0.00-1.76-15)","Спеціальне навчання робітників, які…",2009
202,"Спеціальне навчання робітників, які експлуатують та обслуговують газорегуляторні пункти, газорегуляторні установки та комбіновані домові регулятори тиску, за ""Правилами безпеки систем газопостачання "" (НПАОП 0.00-1.76-15)","Спеціальне навчання робітників, які…",2010
203,"Спеціальне навчання робітників, які експлуатують внутрішні газопроводи та газове обладнання житлових і громадських будинків, за ""Правилами безпеки систем газопостачання "" (НПАОП 0.00-1.76-15)","Спеціальне навчання робітників, які…",2011
204,"Спеціальне навчання робітників, які експлуатують газопроводи і газове обладнання для газополум'яної обробки металів, за ""Правилами безпеки систем газопостачання "" (НПАОП 0.00-1.76-15)","Спеціальне навчання робітників, які…",2012
205,"Спеціальне навчання робітників, які експлуатують та обслуговують газонаповнювальні станції, газонаповнювальні пункти, проміжні склади балонів, автомобільні газозаправні станції і пункти, за ""Правилами безпеки систем газопостачання"" (НПАОП 0.00‑1.76-15)","Спеціальне навчання робітників, які…",2013
206,"Спеціальне навчання робітників, які виконують газонебезпечні роботи всередині ємностей, а також в колодязях, траншеях, котлованах, бункерах, камерах і колекторах, за ""Типовою інструкцією з організації безпечного ведення газонебезпечних робіт"" (НПАОП 0.00-5.11-85)","Спеціальне навчання робітників, які…",2014
207,"Спеціальне навчання робітників за ""Правилами охорони праці під час роботи в хімічних лабораторіях"" (НПАОП 73.1-1.11-12)",Спеціальне навчання робітників за…,2015
208,"Спеціальне навчання робітників, які обслуговують димові та вентиляційні канали житлових і громадських будівель, що використовують газове паливо, за ""Правилами безпеки систем газопостачання"" (НПАОП 0.00-1.76-15)","Спеціальне навчання робітників, які…",2016
209,"Спеціальне навчання робітників за ""Правилами безпеки в газовому господарстві коксохімічних підприємств і виробництв"" (НПАОП 27.1-1.10-07)",Спеціальне навчання робітників за…,2017
210,"Спеціальне навчання робітників, які експлуатують стаціонарні, контейнерні та пересувні автозаправні станції при заправленні автотранспортних засобів нафтопродуктами за ""Загальними правилами вибухобезпеки для вибухопожежонебезпечних хімічних, нафтохімічних і нафтопереробних виробництв"" (НПАОП 0.00-1.41-88), ""Правилами технічної експлуатації та охорони праці на стаціонарних, контейнерних і пересувних автозаправних станціях"" та ""Правилами роздрібної торгівлі нафтопродуктами""","Спеціальне навчання робітників, які…",2018
211,"Спеціальне навчання робітників, які експлуатують та обслуговують обладнання автомобільних газонаповнювальних компресорних станцій, за ""Правилами безпечної експлуатації і обслуговування обладнання автомобільних газонаповнювальних компресорних станцій (АГНКС)"" (НПАОП 63.2-1.06-02)","Спеціальне навчання робітників, які…",2019
212,"Спеціальне навчання робітників – водіїв автотранспортних засобів, які експлуатують автомобілі, що працюють на газовому паливі, за ""Правилами охорони праці на автомобільному транспорті"" (НПАОП 0.00-1.62-12)",Спеціальне навчання робітників – водіїв…,2020
213,"Спеціальне навчання робітників, які виконують роботи,  пов’язані з переробкою пластичних мас за  ""Правилами з охорони праці на об’єктах з перероблення пластичних мас"" (НПАОП 25.0-1.01-12)","Спеціальне навчання робітників, які…",2021
214,"Спеціальне навчання робітників, які здійснюють зберігання і застосування продуктів розділення повітря, за ""Правилами безпеки при виробництві та споживанні продуктів розділення повітря"" (НПАОП 0.00-1.65-88)","Спеціальне навчання робітників, які…",2022
215,"Спеціальне навчання робітників, які обслуговують, експлуатують та ремонтують посудини, що працюють під тиском за ""Правилами охорони праці під час експлуатації обладнання, що працює під тиском"" (НПАОП 0.00-1.81-18)","Спеціальне навчання робітників, які…",2023
216,"Спеціальне навчання робітників, які експлуатують газові горілки, що працюють на зрідженому газі (індивідуальні балонні установки), за ""Правилами безпеки систем газопостачання "" (НПАОП 0.00-1.76-15)","Спеціальне навчання робітників, які…",2024
217,"Спеціальне навчання робітників, які обслуговують та ремонтують трубопроводи пари та гарячої води за ""Правилами охорони праці під час експлуатації обладнання, що працює під тиском"" (НПАОП 0.00-1.81-18)","Спеціальне навчання робітників, які…",2025
218,"Спеціальне навчання робітників, які експлуатують та обслуговують ліфти, за ""Правилами будови і безпечної експлуатації ліфтів"" (НПАОП 0.00-1.02-08)","Спеціальне навчання робітників, які…",2026
219,"Спеціальне навчання робітників, які виконують роботи на висоті, за ""Правилами охорони праці під час виконання робіт на висоті"" (НПАОП 0.00-1.15-07)","Спеціальне навчання робітників, які…",2027
220,"Спеціальне навчання робітників, які виконують ремонт і технічне обслуговування  підйомників та їх обладнання за ""Правилами охорони праці під час експлуатації вантажопідіймальних кранів, підіймальних пристроїв і відповідного обладнання"" (НПАОП 0.00-1.80-18)","Спеціальне навчання робітників, які…",2028
221,"Спеціальне навчання робітників, які керують підйомниками та  виконують роботи з робочої платформи  за  ""Правилами охорони праці під час експлуатації вантажопідіймальних кранів, підіймальних пристроїв і відповідного обладнання"" (НПАОП 0.00-1.80-18)","Спеціальне навчання робітників, які…",2029
222,"Спеціальне навчання робітників, які експлуатують, монтують, налагоджують, ремонтують, демонтують та проводять технічне обслуговування вантажопідіймальних кранів, машин та їх обладнання за  ""Правилами охорони праці під час експлуатації вантажопідіймальних кранів, підіймальних пристроїв і відповідного обладнання""(НПАОП 0.00-1.80-18)","Спеціальне навчання робітників, які…",2030
223,"Спеціальне навчання робітників, які керують вантажопідіймальними кранами та машинами, стропують  та зачіплюють вантажі за ""Правилами охорони праці під час експлуатації вантажопідіймальних кранів, підіймальних пристроїв і відповідного обладнання"" (НПАОП 0.00-1.80-18)","Спеціальне навчання робітників, які…",2031
224,"Спеціальне навчання робітників, які експлуатують та обслуговують навантажувачі за ""Правилами охорони праці під час експлуатації навантажувачів"" (НПАОП 0.00-1.83-18)","Спеціальне навчання робітників, які…",2032
225,"Спеціальне навчання робітників за ""Правилами охорони праці в металургійній промисловості"" (НПАОП 27.0-1.01-08)",Спеціальне навчання робітників за…,2033
226,"Спеціальне навчання робітників за ""Правилами охорони праці під час ремонту устаткування на підприємствах чорної металургії""  (НПАОП 27.1-1.06-08)",Спеціальне навчання робітників за…,2034
227,"Спеціальне навчання робітників, за ""Правилами безпеки в коксохімічному виробництві"" (НПАОП 23.1-1.01-08)","Спеціальне навчання робітників, за…",2035
228,"Спеціальне навчання робітників за ""Правилами охорони праці під час виробництва алюмінію"" (НПАОП 27.4-1.44-15)",Спеціальне навчання робітників за…,2036
229,"Спеціальне навчання робітників, які  зайняті  на спорудженні магістральних  газопроводів,  нафтопроводів і продуктопроводів (нафтопродуктопроводів,      аміакопроводів, етиленопроводів  тощо),   систем   газопостачання   природним  та зрідженим газом за ""Правилами безпеки в нафтогазодобувній промисловості "" (НПАОП 11.1-1.01-23)","Спеціальне навчання робітників, які …",2037
230,"Спеціальне навчання робітників, які експлуатують, обслуговують та ремонтують ескалатори за ""Правилами будови і безпечної експлуатації ескалаторів""  (НПАОП 0.00-1.06-77)","Спеціальне навчання робітників, які…",2038
231,"Спеціальне навчання робітників за ""Правилами будови і безпечної експлуатації атракціонної техніки"" (НПАОП 92.7-1.01-06)",Спеціальне навчання робітників за…,2039
232,"Спеціальне навчання робітників, які виконують роботи з надзвичайно займистими, легкозаймистими, займистими та вибухонебезпечними речовинами, за ""Загальними правилами вибухобезпеки для вибухопожежонебезпечних хімічних, нафтохімічних і нафтопереробних виробництв"" (НПАОП 0.00-1.41-88)","Спеціальне навчання робітників, які…",2040
233,"Спеціальне навчання робітників, які виконують роботи, пов’язані зі зберіганням, транспортуванням, застосуванням і торгівлею агрохімікатами, пестицидами за ""Правилами охорони праці у сільськогосподарському виробництві"" (НПАОП 01.0-1.02-18)","Спеціальне навчання робітників, які…",2041
234,"Спеціальне навчання робітників, які обслуговують та ремонтують опалювальні, парові, водогрійні котли та бойлери за ""Правилами охорони праці під час експлуатації обладнання, що працює під тиском"" (НПАОП 0.00-1.81-18)","Спеціальне навчання робітників, які…",2042
235,"Спеціальне навчання працівників, які експлуатують та переміщують насосні, землесосні установки, драги та земснаряди за ""Правилами охорони праці під час експлуатації хвостових і шламових господарств гірничорудних і нерудних підприємств"" (НПАОП 0.00-1.74-15)","Спеціальне навчання працівників, які…",2043
236,"Спеціальне навчання робітників, які експлуатують та обслуговують холодильні установки, за ""Правилами будови і безпечної експлуатації фреонових холодильних установок"" (НПАОП 0.00‑1.51‑88)","Спеціальне навчання робітників, які…",2044
237,"Спеціальне навчання робітників, які виконують  роботи з різання металів за ""Правилами охорони праці під час газоелектричного, контактного, кисневого та плазмового різання металів (НПАОП 28.0-1.35-14)","Спеціальне навчання робітників, які…",2045
238,"Спеціальне навчання робітників, які експлуатують резервуарні, геотермальні, випарні, змішувальні, групові та індивідуальні балонні установки, за ""Правилами безпеки систем газопостачання"" (НПАОП 0.00-1.76-15)","Спеціальне навчання робітників, які…",2046
239,"Спеціальне навчання робітників, які експлуатують газопроводи та газовикористовувальні    установки промислових і сільськогосподарських підприємств, котелень, підприємств комунально-побутового обслуговування виробничого характеру, за ""Правилами безпеки систем газопостачання"" (НПАОП 0.00-1.76-15)","Спеціальне навчання робітників, які…",2047
240,Курси з навчання «Підвищення надійності електропостачання з використанням дизель-генератора»,Курси з навчання «Підвищення надійності…,2048
241,"Спеціальне навчання робітників за ""Правилами охорони праці при виробництві, зберіганні, транспортуванні та застосуванні хлору"" (НПАОП 0.00-1.23-10)",Спеціальне навчання робітників за…,2049
242,"Спеціальне навчання робітників  за ""Інструкцією з організації безпечного ведення вогневих робіт на вибухопожежонебезпечних та вибухонебезпечних об'єктах"" (НПАОП 0.00-5.12-01)",Спеціальне навчання робітників  за…,2050
243,"Спеціальне навчання працівників, які виконують роботи з піскоструминними  апаратами за «Правилами охорони праці під час очищення деталей механічним способом» (НПАОП 28.51-1.42-18)","Спеціальне навчання працівників, які…",2051
244,"Спеціальне навчання робітників, які виконують газонебезпечні роботи з використанням газозахисних апаратів, за ""Правилами охорони праці у газовому господарстві підприємств чорної металургії""(НПАОП 27.1-1.09-09)","Спеціальне навчання робітників, які…",2052
245,"Спеціальне навчання робітників, які виконують газонебезпечні роботи, за ""Типовою інструкцією з організації безпечного ведення газонебезпечних робіт""(НПАОП 0.00-5.11-85)","Спеціальне навчання робітників, які…",2053
246,"Спеціальне навчання робітників за ""Правилами з безпечної експлуатації систем вентиляції у хімічних виробництвах"" (НПАОП 0.00-1.27-09)",Спеціальне навчання робітників за…,2054
247,"Спеціальне навчання робітників, які виконують роботи з абразивним інструментом, за ""Правилами охорони праці під час роботи з абразивним інструментом"" (НПАОП 28.0-1.30-12)","Спеціальне навчання робітників, які…",2055
248,"Спеціальне навчання робітників,  за «Правилами охорони праці під час електрохімічної обробки металів» (НПАОП 28.0-1.34-14)","Спеціальне навчання робітників,  за…",2056
249,"Спеціальне навчання робітників, які виконують механічну  обробку металів та виробів, за ""Правилами охорони праці під час холодного оброблення металів"" (НПАОП 0.00-1.68-13)","Спеціальне навчання робітників, які…",2058
250,"Спеціальне навчання робітників за ""Правилами охорони праці у сталеплавильному виробництві"" (НПАОП 27.1-1.01-09)",Спеціальне навчання робітників за…,2059
251,"Спеціальне навчання робітників, які здійснюють роботи на автомобільному транспорті, за ""Правилами охорони праці на автомобільному транспорті"" (НПАОП 0.00-1.62-12)","Спеціальне навчання робітників, які…",2060
252,"Спеціальне навчання робітників, які експлуатують та обслуговують холодильні установки, за ""Правилами будови і безпечної експлуатації аміачних холодильних установок"" (НПАОП 29.23‑1.04‑90)","Спеціальне навчання робітників, які…",2061
253,"Спеціальне навчання робітників за ""Правилами охорони праці під час фарбувальних робіт"" (НПАОП 28.0-1.32-13)",Спеціальне навчання робітників за…,2062
254,"Спеціальне навчання робітників, які виконують газонебезпечні та аварійні роботи при монтажі, демонтажі, налагодженні, ремонті, технічному обслуговуванні, реконструкції лінійних частин та газовикористовуючого обладнання за ""Правилами безпеки систем газопостачання""(НПАОП0.00-1.76-15), ""Газопостачання""(ДБН В.2.5‑20:2018)","Спеціальне навчання робітників, які…",2063
255,"Спеціальне навчання робітників, за ""Правилами охорони праці та безпечної експлуатації технологічних трубопроводів (НПАОП 0.00-1.73-2014)","Спеціальне навчання робітників, за…",2064
256,"Спеціальне навчання працівників, які виконують роботи з підвищеною небезпекою, при обслуговуванні залізничного транспорту, електротранспорту, рухомого складу за  ""Правилами  безпеки на залізничному транспорті підприємств системи Мінчормету СРСР"" (НПАОП 27.5-1.13-79) та ""Правилами технічної експлуатації міжгалузевого промислового залізничного транспорту України.","Спеціальне навчання працівників, які…",2065
257,"Спеціальне навчання робітників, які виконують роботи на верстатах по обробці деревини за ""Правилами охорони праці в деревообробній промисловості (НПАОП 20.0-1.02-05)","Спеціальне навчання робітників, які…",2066
258,"Спеціальне навчання робітників, які виконують роботи по виробництву, зберіганню, використанню, транспортуванню, утилізації та знешкодженню  речовин, які відносяться до I та II класів небезпеки за""Правилами  безпеки при зберіганні, перевезенні та використанні сильнодіючих отруйних речовин""(НПАОП 0.00-1.45-69)","Спеціальне навчання робітників, які…",2067
259,"Спеціальне навчання робітників, які виконують роботи з технічного обслуговування, ремонту та випробування газозварювальної і газорізальної апаратури  за “Правилами охорони праці при роботі з інструментами та пристроями” (НПАОП 0.00-1.71-13)","Спеціальне навчання робітників, які…",2068
260,"Спеціальне навчання робітників, які виконують роботи по розвантаженню, складанню і зберіганню зернових та олійних культур насипом і в затареному вигляді  за ""Правилами охорони праці для працівників, зайнятих на роботах зі зберігання та переробки зерна"" (НПАОП 15.0-1.01-17)","Спеціальне навчання робітників, які…",2069
261,"Спеціальне навчання робітників за ""Правилами охорони праці під час вантажно-розвантажувальних робіт"" (НПАОП 0.00-1.75-15)",Спеціальне навчання робітників за…,2070
262,"Спеціальне навчання робітників які виконують земляні роботи на глибині понад 2 метри або в зоні розташування підземних комунікацій за ""Державними будівельними нормами України ""Система стандартів безпеки праці. Охорона праці і промислова безпека у будівництві "" (НПАОП 45.2-7.02-12)",Спеціальне навчання робітників які…,2071
263,"Спеціальне навчання робітників, які виконують роботи  щодо зберігання та переробки зерна за ""Правилами охорони праці для працівників, зайнятих на роботах зі зберігання та переробки зерна"" (НПАОП 15.0-1.01-17)","Спеціальне навчання робітників, які…",2072
264,"Спеціальне навчання робітників, які  експлуатують, обслуговують та виконують плавильні роботи на обладнанні ливарних цехів за ""Правилами охорони праці у    ливарному  виробництві"" (НПАОП 27.5-1.46-14)","Спеціальне навчання робітників, які …",2073
265,"Спеціальне навчання робітників, які  виконують роботи  з виробництва муки та макаронних виробів  за ""Правилами  безпеки для виробництва    хлібобулочних та макаронних виробів""(НПАОП 15.8-1.27-02)","Спеціальне навчання робітників, які …",2074
266,"Спеціальне навчання працівників, які виконують роботи з підйомних, підвісних  колисок  та  риштувань  на висоті за ""Правилами охорони праці під час виконання робіт на висоті"" (НПАОП 0.00-1.15-07)","Спеціальне навчання працівників, які…",2075
267,"Спеціальне навчання працівників за ""Вимогами безпеки та захисту здоров’я під час використання виробничого обладнання працівниками "" (НПАОП 0.00-7.14-17)",Спеціальне навчання працівників за…,2076
268,"Спеціальне навчання робітників, які виконують роботи з застосуванням бензопил,  мотобурів, мотокос та деревоподрібнюючих  машин за ""Правилами охорони праці під час видалення дерев і пеньків у населених пунктах України"" (НПАОП 02.0-1.08-95)","Спеціальне навчання робітників, які…",2077
269,"Спеціальне навчання робітників, які виконують роботи з виробництва пластмасових виробів за ""Правилами  охорони праці на підприємствах з виробництва пластмасових виробів"" (НПАОП 25.0-1.04-13)","Спеціальне навчання робітників, які…",2078
270,"Спеціальне навчання робітників за ""Правилами техники безопасности при  эксплуатации систем водоснабжения и водоотведения населенных мест"" (НПАОП 41.0-1.01-79)",Спеціальне навчання робітників за…,2079
271,"Спеціальне навчання робітників за ""Правилами охорони праці під час експлуатації тепломеханічного обладнання електростанцій, теплових мереж і тепловикористовувальних установок"" (НПАОП 0.00-1.69-13)",Спеціальне навчання робітників за…,2080
272,Спеціальне навчання робітників за «Правилами охорони праці при нанесенні металопокриттів (НПАОП 28.0-1.37-14),Спеціальне навчання робітників за…,2081
273,"Спеціальне навчання робітників, які  виконують газонебезпечні роботи у газонебезпечних місцях ІІІ, ІV груп  за ""Правилами безпеки в газовому господарстві коксохімічних підприємств і виробництв"" (НПАОП 27.1-1.10-07)","Спеціальне навчання робітників, які …",2082
274,"Спеціальне навчання робітників, які експлуатують обладнання підприємств громадського харчування за ""Правилами охорони праці для підприємств громадського харчування"" (НПАОП 55.0-1.02-96)","Спеціальне навчання робітників, які…",2083
275,"Спеціальне навчання робітників, які управляють тракторами і самохідним технологічним устаткуванням за ""Правилами охорони праці у сільськогосподарському виробництві"" (НПАОП 01.0-1.02-18)","Спеціальне навчання робітників, які…",2084
276,"Спеціальне навчання робітників за ""Правилами безпеки праці під час виконання вишукувальних руслових робіт"" (НПАОП 0.00-1.10-07).",Спеціальне навчання робітників за…,2085
277,"Спеціальне навчання робітників за ""Правилами безпеки для олійно-жирового виробництва""(НПАОП 15.4-1.06-97)",Спеціальне навчання робітників за…,2086
278,"Спеціальне навчання робітників за ""Правилами  техніки безпеки та промислової санітарії при експлуатації магістральних нафтопродуктопроводів"" (НПАОП 60.3-1.19-78)",Спеціальне навчання робітників за…,2087
279,"Спеціальне навчання робітників, що виконують роботи, які пов'язані з монтажем,  експлуатацією та ремонтом магістральних нафтопроводів і нафтопродуктопроводів за ""Правилами безпеки під час експлуатації магістральних нафтопроводів"" (НПАОП 0.00-1.21-07)","Спеціальне навчання робітників, що…",2088
280,"Спеціальне навчання робітників  за ""Правилами  безпечної експлуатації магістральних газопроводів"" (НПАОП 60.3-1.01-10)",Спеціальне навчання робітників  за…,2089
281,"Спеціальне навчання робітників за ""Вимогами до роботодавців стосовно забезпечення безпечного виконання робіт у потенційно вибухонебезпечних середовищах""(НПАОП 0.00-7.12-13)",Спеціальне навчання робітників за…,2090
282,"Спеціальне навчання робітників  за «Правилами охорони праці під час будівництва, ремонту та утримання автомобільних доріг»(НПАОП 63.21-1.01-09)",Спеціальне навчання робітників  за…,2091
283,"Спеціальне навчання працівників, які виконують роботи  в термічних цехах та дільницях на  електротермічних установках підвищеної та високої частоти за  «Правилами безпеки при експлуатації електротермічних установок підвищеної й високої частоти» (НПАОП 28.51-1.19-62).","Спеціальне навчання працівників, які…",2092
